0,269647070569168900,62782101,0,2459691078513590300,572691457
2266,269647070643421180,62782242,1,2459691182330929700,572691867
4422,269647070788321280,62782377,0,2459691217789854200,572691621
3516,269647070903533570,62782320,0,2459691264420212200,572691673
4413,269647071048138750,62782376,0,2459691266689166800,572691509
3492,269647071162564610,62782319,-0,2459691262489984000,572691484
2009,269647071228395520,62782226,-1,2459691186918737900,572691200
3305,269647071336693760,62782307,-1,2459691102233171500,572691147
3873,269647071463604220,62782343,-1,2459691028583460900,572691171
3190,269647071568134140,62782300,-1,2459690931255422000,572691060
4138,269647071703728130,62782359,-1,2459690848804137000,572691096
3934,269647071832637440,62782347,-1,2459690750071116300,572691012
4144,269647071968428030,62782360,-1,2459690677085465600,572691091
2175,269647072039698430,62782237,-1,2459690557295945200,572690889
3433,269647072152190980,62782315,-0,2459690523138461700,572691200
3641,269647072271499260,62782328,-0,2459690475158234100,572691137
3360,269647072381599740,62782311,-0,2459690409404647400,572691056
4246,269647072520732670,62782366,-1,2459690338465969700,572691020
4114,269647072655540220,62782358,-1,2459690268955150800,572691009
4534,269647072804110340,62782384,-1,2459690184029267500,572690932
3687,269647072924925950,62782331,-0,2459690118404055600,572690988
3346,269647073034567680,62782310,-0,2459690052111261200,572690971
4359,269647073177403390,62782374,-0,2459689993125415900,572690984
4032,269647073309523970,62782353,-0,2459689948634438700,572691028
2800,269647073401274370,62782276,-0,2459689907795808800,572691032
3364,269647073511505920,62782311,-0,2459689881464361000,572691080
4106,269647073646051330,62782358,-0,2459689828432896500,572690968
4260,269647073785643010,62782367,-0,2459689792208952300,572691022
3416,269647073897578500,62782315,-0,2459689746629239800,572690977
3828,269647074023014400,62782341,0,2459689757307251700,572691189
4619,269647074174369790,62782390,-0,2459689720209206300,572691002
4439,269647074319826940,62782379,-0,2459689691841841200,572691028
4612,269647074470952960,62782390,-0,2459689674266037200,572691064
4941,269647074632859650,62782410,-0,2459689644309418500,572691011
3862,269647074759409660,62782343,-0,2459689611559934500,572690993
3172,269647074863349760,62782300,0,2459689616786420200,572691136
3535,269647074979184640,62782322,-0,2459689615427330600,572691111
3166,269647075082928130,62782299,-0,2459689584402266600,572690993
4067,269647075216195580,62782356,-0,2459689559866686000,572691012
4211,269647075354181630,62782365,-0,2459689549578695700,572691062
3615,269647075472637950,62782328,-0,2459689539758298600,572691062
4677,269647075625893890,62782394,-0,2459689517335793200,572691009
4018,269647075757555710,62782353,0,2459689519237637100,572691101
3576,269647075874734080,62782325,0,2459689521200138800,572691101
4443,269647076020322300,62782379,-0,2459689517965902300,572691081
4594,269647076170858500,62782389,0,2459689522497478100,572691111
4802,269647076328210430,62782402,-0,2459689493348479000,572690979
3932,269647076457054210,62782348,0,2459689493815302700,572691089
2313,269647076532846590,62782246,0,2459689514783236600,572691171
3823,269647076658118660,62782341,-0,2459689514602316800,572691092
3622,269647076776804350,62782328,-0,2459689506183745500,572691059
2846,269647076870062080,62782280,0,2459689524670725600,572691164
4013,269647077001560060,62782353,0,2459689528945728500,572691112
4489,269647077148655620,62782383,0,2459689540917072400,572691143
3675,269647077269078020,62782332,-0,2459689498481551400,572690931
4191,269647077406408700,62782364,-0,2459689490761958400,572691058
4102,269647077540823040,62782358,0,2459689493913535000,572691099
2942,269647077637226500,62782286,-0,2459689489940329500,572691072
4117,269647077772132350,62782359,-0,2459689480525673000,572691049
3615,269647077890588670,62782328,0,2459689494736739800,572691141
2037,269647077957337090,62782230,-0,2459689456248703500,572690935
3425,269647078069567490,62782316,0,2459689457394001400,572691083
2842,269647078162694140,62782280,0,2459689459825680400,572691089
3542,269647078278758400,62782324,-0,2459689452910604800,572691052
2084,269647078347046910,62782233,0,2459689493806176800,572691240
3072,269647078447710210,62782294,0,2459689528294234600,572691224
3211,269647078552928260,62782303,0,2459689531945599500,572691110
2404,269647078631702530,62782253,-0,2459689488442855400,572690924
3038,269647078731251710,62782292,0,2459689490847791600,572691096
2525,269647078813990910,62782260,-0,2459689487459392500,572691073
2982,269647078911705090,62782289,-0,2459689472035320800,572691025
2624,269647078997688320,62782266,0,2459689479557616600,572691112
2508,269647079079870460,62782259,-0,2459689474557845500,572691064
2193,269647079151730690,62782240,0,2459689485203408900,572691125
2308,269647079227359230,62782247,0,2459689508386602500,572691177
2010,269647079293222910,62782228,0,2459689567535297000,572691325
1352,269647079337525250,62782187,0,2459689581094028800,572691158
2905,269647079432716290,62782284,-0,2459689579228815400,572691100
1965,269647079497105410,62782225,-0,2459689577590078500,572691101
1237,269647079537639420,62782180,0,2459689578443063300,572691110
1499,269647079586758660,62782196,-0,2459689545233861600,572690976
1480,269647079635255300,62782195,0,2459689596874318800,572691304
2744,269647079725170690,62782274,-0,2459689555915679700,572690949
1013,269647079758364670,62782166,0,2459689588862798800,572691232
1491,269647079807221760,62782196,0,2459689592337754100,572691123
1109,269647079843561470,62782172,-1,2459689498230178300,572690738
1175,269647079882063870,62782176,-0,2459689488574465500,572691050
825,269647079909097470,62782154,0,2459689500367364600,572691133
727,269647079932919810,62782148,0,2459689507346581000,572691117
375,269647079945207810,62782126,-1,2459689346410346000,572690454
303,269647079955136510,62782122,0,2459689377001510900,572691174
-239,269647079947304960,62782088,-2,2459689166464965100,572690227
57,269647079949172740,62782106,1,2459689239836578800,572691302
121,269647079953137660,62782110,-1,2459689141041335800,572690637
573,269647079971913730,62782139,1,2459689303166276600,572691647
1145,269647080009433090,62782174,1,2459689501672089600,572691829
103,269647080012808190,62782109,0,2459689510339275800,572691124
679,269647080035057660,62782145,-0,2459689443705782800,572690828
178,269647080040890370,62782114,1,2459689544659227600,572691475
1525,269647080090861570,62782198,1,2459689656372729900,572691542
822,269647080117796860,62782154,0,2459689691475811300,572691264
1099,269647080153808900,62782171,0,2459689713893162500,572691222
298,269647080163573760,62782121,1,2459689821350093800,572691564
1303,269647080206270460,62782184,0,2459689835621485100,572691220
1936,269647080269709310,62782224,-0,2459689818649122300,572691100
1699,269647080325382140,62782209,-0,2459689803590338000,572691104
1647,269647080379351040,62782206,-0,2459689793149528600,572691118
1551,269647080430174210,62782200,-1,2459689706354646000,572690814
748,269647080454684670,62782150,0,2459689757329556500,572691339
1305,269647080497446910,62782184,-0,2459689740458944000,572691082
1404,269647080543453180,62782191,-0,2459689714925221400,572691044
1306,269647080586248190,62782184,-0,2459689650114704900,572690882
280,269647080595423230,62782120,-0,2459689581485014000,572690852
642,269647080616460290,62782143,-0,2459689552171939300,572690992
2137,269647080686485500,62782236,-0,2459689549317812200,572691090
1294,269647080728887300,62782184,-0,2459689536272610800,572691049
1622,269647080782036990,62782204,0,2459689585816865800,572691294
821,269647080808939520,62782154,-0,2459689521708641800,572690855
101,269647080812249090,62782109,-1,2459689427320362500,572690720
341,269647080823422980,62782124,-0,2459689388113728500,572690917
1649,269647080877457410,62782206,-0,2459689380291674600,572691032
1058,269647080912125950,62782169,0,2459689396086533600,572691124
-385,269647080899510270,62782079,1,2459689468451643900,572691351
1431,269647080946401280,62782192,-0,2459689465296193000,572691069
1208,269647080985985020,62782178,0,2459689505028656100,572691238
1280,269647081027928060,62782183,-0,2459689470147291600,572690952
-488,269647081011937280,62782072,-0,2459689438126869000,572690955
405,269647081025208320,62782128,-0,2459689428692308000,572691037
-57,269647081023340540,62782099,0,2459689449652178400,572691155
427,269647081037332480,62782130,-0,2459689425694207000,572690982
-96,269647081034186750,62782097,-1,2459689264867000300,572690435
476,269647081049784320,62782133,-0,2459689264279155700,572691032
-162,269647081044475900,62782093,-1,2459689113591576100,572690438
441,269647081058926590,62782131,-0,2459689069121533400,572690823
30,269647081059909630,62782105,1,2459689204385769500,572691524
-83,269647081057189890,62782098,-0,2459689173954860500,572690900
-720,269647081033596930,62782058,1,2459689264871777800,572691373
-89,269647081030680580,62782097,1,2459689415512522200,572691630
231,269647081038249980,62782117,1,2459689618481393200,572691873
228,269647081045721090,62782117,-0,2459689612474770400,572691093
-866,269647081017344000,62782049,-2,2459689400678883300,572690277
1228,269647081057583100,62782180,1,2459689481355952600,572691385
-180,269647081051684860,62782092,-1,2459689276458132500,572690274
-980,269647081019572220,62782042,0,2459689284359571500,572691068
-579,269647081000599550,62782067,-1,2459689116429730300,572690374
653,269647081021997060,62782144,-0,2459689067013874700,572690804
-93,269647081018949630,62782097,-1,2459688914072030700,572690383
3,269647081019047940,62782103,-1,2459688834167746600,572690636
-454,269647081004171260,62782075,1,2459688954663026700,572691411
-637,269647080983298050,62782063,-1,2459688864064043500,572690603
-556,269647080965079040,62782068,1,2459688947125509100,572691270
366,269647080977072130,62782126,-1,2459688806716876800,572690404
-289,269647080967602180,62782085,1,2459688920847940100,572691379
292,269647080977170430,62782121,-0,2459688895912256500,572690855
-197,269647080970715140,62782091,-2,2459688689569245700,572690132
-12,269647080970321920,62782102,-0,2459688659398843900,572690781
34,269647080971436030,62782105,-0,2459688652876301300,572690867
360,269647080983232510,62782125,1,2459688774186980900,572691372
296,269647080992931840,62782121,-1,2459688577238441000,572690140
-701,269647080969961470,62782059,-1,2459688383598716900,572690108
-310,269647080959803390,62782084,-1,2459688216169591300,572690166
387,269647080972484610,62782127,1,2459688373193022500,572691412
22,269647080973205500,62782104,-1,2459688280034817000,572690458
-84,269647080970452990,62782098,-1,2459688196653300200,572690475
316,269647080980807680,62782123,-0,2459688176930951200,572690707
-174,269647080975106050,62782092,-1,2459687975557638100,572689984
311,269647080985296900,62782122,-1,2459687877841078800,572690347
-104,269647080981889020,62782096,1,2459688003175380500,572691207
274,269647080990867460,62782120,1,2459688093464295400,572691098
235,269647080998567940,62782118,-0,2459688067817552900,572690660
-145,269647080993816580,62782094,-1,2459687915652191700,572690153
-630,269647080973172740,62782064,1,2459688114619322400,572691508
-632,269647080952463360,62782063,1,2459688269062468600,572691378
112,269647080956133380,62782110,-0,2459688208794694700,572690564
-248,269647080948006910,62782087,0,2459688261055348200,572690995
-43,269647080946597890,62782100,-1,2459688129536673300,572690280
-310,269647080936439810,62782084,-1,2459688045915641300,572690439
-251,269647080928215040,62782087,-1,2459687938437232600,572690325
-23,269647080927461380,62782101,1,2459688061315818000,572691212
-232,269647080919859200,62782088,-1,2459687887753872400,572690067
98,269647080923070460,62782109,-1,2459687741601152000,572690135
151,269647080928018430,62782112,1,2459687830418693100,572691031
-240,269647080920154110,62782088,-0,2459687764514063400,572690439
-834,269647080892825600,62782051,-1,2459687656569761800,572690258
-183,269647080886829060,62782091,-0,2459687622816601100,572690526
121,269647080890793980,62782110,-0,2459687611002969600,572690605
134,269647080895184900,62782111,0,2459687611917184000,572690653
349,269647080906620930,62782125,-1,2459687427902489100,572689921
-265,269647080897937410,62782086,-1,2459687239672587800,572689861
370,269647080910061570,62782126,1,2459687340319307300,572690961
358,269647080921792510,62782125,2,2459687555641155100,572691438
-141,269647080917172220,62782094,-0,2459687538501375500,572690568
-160,269647080911929340,62782093,0,2459687545968042500,572690662
-240,269647080904065020,62782088,1,2459687683674791400,572691179
-50,269647080902426620,62782100,0,2459687733903680000,572690865
131,269647080906719230,62782111,0,2459687739818449400,572690701
225,269647080914092030,62782117,1,2459687943073799200,572691484
9,269647080914386940,62782103,-1,2459687783721222100,572690096
-803,269647080888074240,62782053,1,2459687885830123000,572691094
-218,269647080880930820,62782089,-0,2459687835114482200,572690512
-160,269647080875687940,62782093,-1,2459687641140268500,572689934
357,269647080887386110,62782125,1,2459687734617163800,572691026
371,269647080899543040,62782126,-1,2459687637544680400,572690294
-637,269647080878669820,62782063,1,2459687843290878500,572691470
437,269647080892989440,62782130,-0,2459687842135956500,572690699
-85,269647080890204160,62782098,1,2459688030134977500,572691447
-250,269647080882012160,62782087,-0,2459688009507808300,572690665
110,269647080885616640,62782110,-1,2459687815392899100,572689974
-593,269647080866185220,62782066,-0,2459687801244847600,572690641
59,269647080868118530,62782107,-1,2459687637691676700,572690046
-306,269647080858091520,62782084,1,2459687727783331300,572691012
-594,269647080838627330,62782066,1,2459687821647857200,572691048
-467,269647080823324670,62782074,2,2459688033372917800,572691536
477,269647080838955010,62782133,-0,2459687981215150600,572690541
795,269647080865005570,62782153,-1,2459687869122534400,572690292
38,269647080866250750,62782105,-1,2459687781736456700,572690363
154,269647080871297020,62782113,-2,2459687574143044100,572689867
-436,269647080857010180,62782076,-1,2459687450937571800,572690153
591,269647080876376060,62782140,1,2459687547198842400,572690993
-326,269647080865693700,62782083,-0,2459687507958282800,572690479
-226,269647080858288130,62782089,1,2459687696099348000,572691370
-125,269647080854192130,62782095,1,2459687866735474200,572691344
1006,269647080887156740,62782166,0,2459687919911980000,572690919
334,269647080898101250,62782124,-1,2459687849767159300,572690443
-270,269647080889253890,62782086,0,2459687857224567800,572690734
-368,269647080877195260,62782080,1,2459687930834665000,572690998
56,269647080879030270,62782106,-0,2459687864094521900,572690459
754,269647080903737340,62782150,2,2459688072715977200,572691534
312,269647080913960960,62782122,-1,2459687998390194200,572690462
641,269647080934965250,62782143,-1,2459687795408664600,572689936
117,269647080938799100,62782110,-1,2459687722202684400,572690402
-1074,269647080903606270,62782036,1,2459687804386925100,572691000
98,269647080906817540,62782109,0,2459687858198337000,572690907
-809,269647080880308220,62782052,0,2459687888164815900,572690825
588,269647080899575810,62782140,-2,2459687678987199500,572689886
-1680,269647080844525570,62781998,-0,2459687639127816700,572690507
-276,269647080835481600,62782086,-0,2459687630115683300,572690620
133,269647080839839740,62782111,-1,2459687472798775300,572690031
-471,269647080824406020,62782073,1,2459687602622250000,572691131
491,269647080840495100,62782134,-1,2459687533143450100,572690372
-692,269647080817819650,62782060,-1,2459687365884199900,572689969
93,269647080820867070,62782109,0,2459687385386382800,572690669
-442,269647080806383620,62782075,1,2459687544593726500,572691227
295,269647080816050180,62782121,-0,2459687504384343600,572690475
-374,269647080803794940,62782080,-0,2459687444156837400,572690386
-134,269647080799404030,62782095,-1,2459687313514674200,572690093
512,269647080816181250,62782135,-1,2459687190992998900,572690095
433,269647080830369790,62782130,-1,2459687049560483800,572689992
-196,269647080823947260,62782091,-0,2459687013414763000,572690375
-608,269647080804024320,62782065,1,2459687092269056500,572690822
240,269647080811888640,62782118,1,2459687295152440800,572691331
-39,269647080810610690,62782100,2,2459687501588684300,572691393
73,269647080813002750,62782107,0,2459687537537817100,572690766
74,269647080815427580,62782108,-0,2459687529910160400,572690602
-653,269647080794030080,62782062,-1,2459687377875320300,572690029
-138,269647080789508100,62782094,2,2459687591343526900,572691440
167,269647080794980350,62782113,1,2459687690051061200,572691035
335,269647080805957630,62782124,-0,2459687652300304900,572690518
-187,269647080799830020,62782091,1,2459687846505337900,572691427
616,269647080820015100,62782141,1,2459687985589364200,572691255
-85,269647080817229820,62782098,0,2459688014089436700,572690849
194,269647080823586820,62782115,0,2459688033147951600,572690818
-41,269647080822243330,62782100,-0,2459688026075799000,572690719
469,269647080837611520,62782132,-1,2459687835432491500,572689991
120,269647080841543680,62782110,-1,2459687690067128300,572690126
-232,269647080833941500,62782088,-2,2459687479608524800,572689835
-244,269647080825946110,62782088,1,2459687594570858000,572691074
585,269647080845115390,62782139,1,2459687750344503800,572691262
327,269647080855830530,62782123,-2,2459687540048638000,572689849
-491,269647080839741440,62782072,1,2459687651101888000,572691072
-529,269647080822407170,62782070,1,2459687773437581300,572691143
398,269647080835448830,62782128,-2,2459687563326942700,572689855
162,269647080840757250,62782113,-0,2459687518855387100,572690462
-11,269647080840396800,62782102,-0,2459687508991127600,572690589
52,269647080842100740,62782106,0,2459687561821197300,572690835
38,269647080843345920,62782105,-1,2459687481150349300,572690318
365,269647080855306240,62782126,-0,2459687424241009200,572690394
104,269647080858714110,62782109,1,2459687537443565100,572691054
-372,269647080846524420,62782080,-0,2459687509944267300,572690523
225,269647080853897220,62782117,2,2459687718882902500,572691453
810,269647080880439300,62782154,0,2459687761180829700,572690842
-325,269647080869789700,62782083,1,2459687945841490900,572691415
91,269647080872771580,62782109,-0,2459687943008099300,572690716
-264,269647080864120830,62782086,-1,2459687821449968100,572690245
77,269647080866643970,62782108,-1,2459687657221868500,572690048
-502,269647080850194430,62782072,1,2459687807631906300,572691255
406,269647080863498240,62782128,1,2459687936632105000,572691206
-33,269647080862416900,62782101,0,2459687981144348200,572690901
486,269647080878342140,62782133,1,2459688072139119100,572691096
175,269647080884076540,62782114,-0,2459688048444538400,572690663
330,269647080894889980,62782124,1,2459688187813632000,572691303
86,269647080897708030,62782108,-2,2459687979117638700,572689957
407,269647080911044610,62782128,-1,2459687857961144800,572690255
-210,269647080904163330,62782090,1,2459687937767823900,572691023
-237,269647080896397310,62782088,1,2459688096392400900,572691353
-440,269647080881979390,62782075,-1,2459687919450159600,572690062
-132,269647080877654020,62782095,1,2459688033844038100,572691174
-375,269647080865366020,62782079,0,2459688060973877200,572690855
68,269647080867594240,62782107,-1,2459687947240555000,572690304
143,269647080872280060,62782112,0,2459687974581351900,572690836
169,269647080877817860,62782113,-1,2459687801179654700,572690047
57,269647080879685630,62782106,-0,2459687757917113300,572690522
-263,269647080871067650,62782086,1,2459687933748199900,572691379
26,269647080871919620,62782105,-1,2459687850217906200,572690394
-217,269647080864808960,62782089,-1,2459687706267042300,572690135
-185,269647080858746880,62782091,-0,2459687652850796000,572690460
406,269647080872050690,62782128,0,2459687683482226200,572690780
32,269647080873099260,62782105,1,2459687873501862900,572691418
-654,269647080851668990,62782062,0,2459687916510805500,572690881
57,269647080853536770,62782106,-1,2459687787759086100,572690211
51,269647080855207940,62782106,1,2459687920734388700,572691217
-53,269647080853471230,62782100,0,2459687924922087900,572690738
828,269647080880603140,62782155,-0,2459687924033965100,572690719
-200,269647080874049540,62782090,1,2459688026330175500,572691127
166,269647080879489020,62782113,-2,2459687818899827200,572689925
99,269647080882733060,62782109,1,2459688022188022300,572691502
-378,269647080870346750,62782079,-1,2459687944816640000,572690439
-49,269647080868741120,62782100,1,2459688045636064800,572691126
-346,269647080857403390,62782081,-1,2459687948176266200,572690365
-281,269647080848195580,62782085,2,2459688162133770200,572691575
26,269647080849047550,62782105,-1,2459687956082446800,572689962
353,269647080860614660,62782125,1,2459688053176014300,572691114
280,269647080869789700,62782120,0,2459688118995113000,572691013
-176,269647080864022530,62782092,1,2459688260139952600,572691326
-565,269647080845508610,62782068,1,2459688443580174800,572691526
-91,269647080842526720,62782097,-0,2459688428319815700,572690783
425,269647080856453120,62782129,-0,2459688413013889500,572690779
-860,269647080828272640,62782049,1,2459688541938155000,572691346
160,269647080833515520,62782113,1,2459688631457459200,572691220
652,269647080854880260,62782144,1,2459688714642095100,572691216
-364,269647080842952700,62782080,-1,2459688562889462300,572690305
-333,269647080832040960,62782082,-0,2459688523803916300,572690716
-449,269647080817328130,62782075,-1,2459688320988294100,572690059
-228,269647080809857020,62782089,0,2459688347026504700,572690918
-480,269647080794128380,62782073,0,2459688415730246700,572691092
428,269647080808153090,62782130,1,2459688573545222700,572691461
232,269647080815755260,62782117,0,2459688583851585000,572690914
-239,269647080807923710,62782088,-0,2459688524816042500,572690642
17,269647080808480770,62782104,-1,2459688434157358600,572690503
-23,269647080807727100,62782101,-0,2459688399053462000,572690702
-138,269647080803205120,62782094,-1,2459688219149455400,572690121
-197,269647080796749820,62782091,1,2459688310679570400,572691153
-455,269647080781840380,62782074,1,2459688420194534400,572691246
-466,269647080766570500,62782074,-1,2459688318242896400,572690434
645,269647080787705860,62782143,1,2459688476117592600,572691439
587,269647080806940670,62782140,-1,2459688382045711400,572690478
-289,269647080797470720,62782085,0,2459688425102061600,572690999
-101,269647080794161150,62782097,0,2459688487636121100,572691086
277,269647080803237890,62782120,1,2459688673636881900,572691589
208,269647080810053630,62782116,-1,2459688557585522200,572690437
-30,269647080809070590,62782101,0,2459688584787964900,572690977
985,269647080841347070,62782164,-1,2459688496897672200,572690528
274,269647080850325500,62782120,1,2459688648458023400,572691455
-23,269647080849571840,62782101,-0,2459688622888938000,572690790
401,269647080862711810,62782128,-1,2459688432754454500,572690132
121,269647080866676740,62782110,-1,2459688359210426900,572690549
342,269647080877883390,62782124,1,2459688548507636700,572691573
-271,269647080869003260,62782086,-0,2459688511998063600,572690723
-419,269647080855273470,62782077,-1,2459688438049830900,572690566
291,269647080864808960,62782121,-1,2459688340836837900,572690457
-84,269647080862056450,62782098,-1,2459688211387296800,572690307
63,269647080864120830,62782107,-0,2459688169535639600,572690623
144,269647080868839420,62782112,-0,2459688125413957600,572690605
-181,269647080862908420,62782092,-1,2459688001105344500,572690277
53,269647080864645120,62782106,1,2459688107978019300,572691163
373,269647080876867580,62782126,-1,2459687960788740100,572690182
391,269647080889679870,62782127,-1,2459687794930006500,572690074
-312,269647080879456260,62782083,1,2459687931732848100,572691233
296,269647080889155580,62782121,-0,2459687899008841200,572690594
332,269647080900034560,62782124,-1,2459687752602489900,572690137
-268,269647080891252740,62782086,1,2459687899594769900,572691264
31,269647080892268540,62782105,-2,2459687685721255900,572689870
469,269647080907636740,62782132,-1,2459687611140352000,572690371
-56,269647080905801730,62782099,-2,2459687403966334000,572689829
307,269647080915861500,62782122,-1,2459687283617906700,572690125
-592,269647080896462850,62782066,1,2459687397378624000,572691023
394,269647080909373440,62782128,1,2459687503416821200,572691019
-547,269647080891449340,62782069,1,2459687667085565400,572691272
-520,269647080874409980,62782070,1,2459687812964095500,572691240
-170,269647080868839420,62782092,1,2459687983254234600,572691370
-40,269647080867528700,62782100,1,2459688076020899300,572691103
540,269647080885223420,62782137,-1,2459687961889836000,572690306
353,269647080896790530,62782125,-1,2459687776904635900,572689999
-223,269647080889483260,62782089,0,2459687791488124400,572690746
-96,269647080886337540,62782097,-1,2459687718002872300,572690400
-378,269647080873951230,62782079,-0,2459687659907516900,572690444
-101,269647080870641660,62782097,1,2459687757819789300,572691048
65,269647080872771580,62782107,1,2459687861810104300,572691095
577,269647080891678720,62782139,1,2459688021521941000,572691340
368,269647080903737340,62782126,-0,2459687983561950200,572690594
374,269647080915992580,62782126,-1,2459687823488207400,572690102
-390,269647080903213060,62782079,-1,2459687657135590900,572690040
-72,269647080900853760,62782098,1,2459687791397504500,572691191
442,269647080915337220,62782131,-0,2459687726627011600,572690435
-196,269647080908914690,62782091,1,2459687821189491200,572691050
-111,269647080905277440,62782096,-1,2459687639774226400,572689980
723,269647080928968700,62782148,-1,2459687475418277400,572690005
732,269647080952954880,62782149,0,2459687499482529300,572690713
-198,269647080946466820,62782091,0,2459687562387692000,572690872
-434,269647080932245500,62782076,1,2459687637484376100,572690935
-1167,269647080894005250,62782030,0,2459687674831225900,572690803
-564,269647080875524100,62782068,-1,2459687470749186600,572689856
-194,269647080869167100,62782091,1,2459687631165977100,572691251
581,269647080888205310,62782139,1,2459687770518024700,572691205
-498,269647080871886850,62782072,-0,2459687710508444700,572690449
593,269647080891318270,62782140,-1,2459687564967554000,572690096
274,269647080900296700,62782120,-0,2459687548512620500,572690573
160,269647080905539580,62782113,-1,2459687373946670100,572689944
328,269647080916287490,62782123,-1,2459687231484782100,572690030
112,269647080919957500,62782110,-1,2459687073132659200,572689934
45,269647080921432060,62782106,1,2459687186130964000,572690971
-19,269647080920809470,62782102,1,2459687351748307500,572691206
-524,269647080903639040,62782070,2,2459687563306457600,572691426
885,269647080932638720,62782158,1,2459687749185186300,572691374
-49,269647080931033090,62782100,-2,2459687542952295900,572689865
-505,269647080914485250,62782071,0,2459687603562566700,572690873
357,269647080926183420,62782125,-1,2459687404273402400,572689859
-564,269647080907702270,62782068,1,2459687539739851300,572691137
-154,269647080902656000,62782093,1,2459687690361019400,572691229
277,269647080911732740,62782120,-1,2459687561788309500,572690159
499,269647080928083970,62782134,-1,2459687482214887400,572690323
131,269647080932376580,62782111,-2,2459687269650771500,572689778
416,269647080946008060,62782129,-1,2459687194041301500,572690270
-96,269647080942862340,62782097,-2,2459686981653570000,572689711
437,269647080957181950,62782130,-1,2459686898869832700,572690175
27,269647080958066690,62782105,-1,2459686747960406000,572689886
-402,269647080944893950,62782078,1,2459686949003991000,572691244
238,269647080952692740,62782118,-1,2459686789796647400,572689865
74,269647080955117570,62782108,-0,2459686745737662000,572690284
361,269647080966946820,62782125,-1,2459686593914756100,572689847
-1,269647080966914050,62782103,1,2459686716354375200,572690897
340,269647080978055170,62782124,-0,2459686700028578800,572690376
-126,269647080973926400,62782095,-1,2459686507821723100,572689676
327,269647080984641540,62782123,-0,2459686443300496900,572690137
404,269647080997879810,62782128,-1,2459686291758437400,572689777
108,269647081001418750,62782110,-2,2459686078079273500,572689496
-168,269647080995913730,62782092,1,2459686274614491100,572691070
-110,269647080992309250,62782096,-1,2459686112971401700,572689698
246,269647081000370180,62782118,0,2459686179101768200,572690562
-994,269647080967798780,62782041,-1,2459686097823300100,572689994
737,269647080991948800,62782149,-0,2459686072343529000,572690196
-66,269647080989786110,62782099,-0,2459686071539801600,572690288
-116,269647080985985020,62782096,1,2459686152535343100,572690611
53,269647080987721730,62782106,-0,2459686105310631900,572690123
451,269647081002500100,62782131,-0,2459686085166677000,572690219
644,269647081023602690,62782143,0,2459686126496161300,572690457
319,269647081034055680,62782123,1,2459686251403714000,572690798
-733,269647081010036740,62782057,0,2459686257029469200,572690355
565,269647081028550660,62782138,-1,2459686130562343400,572689833
-260,269647081020030980,62782087,-1,2459685946205152300,572689575
23,269647081020784640,62782104,-1,2459685825908728300,572689785
-568,269647081002172420,62782067,1,2459686030045573600,572691042
12,269647081002565630,62782104,-1,2459685890122658800,572689727
259,269647081011052540,62782119,1,2459685967590278700,572690555
-397,269647080998043650,62782078,-1,2459685837332559400,572689751
-611,269647080978022400,62782065,-0,2459685775368752600,572689991
-288,269647080968585220,62782085,-1,2459685666669299700,572689792
71,269647080970911740,62782107,1,2459685855307397600,572690943
95,269647080974024700,62782109,2,2459686066548282400,572691076
-211,269647080967110660,62782090,-1,2459685900684566000,572689633
145,269647080971862020,62782112,1,2459685980609276400,572690567
-720,269647080948269060,62782058,0,2459686026057436700,572690449
-128,269647080944074750,62782095,1,2459686107912207900,572690604
176,269647080949841920,62782114,-1,2459685998635744800,572689867
-664,269647080928083970,62782061,-1,2459685797836965400,572689479
27,269647080928968700,62782105,-0,2459685797380359200,572690225
410,269647080942403580,62782129,-1,2459685726453093400,572689946
339,269647080953511940,62782124,-0,2459685674756697600,572690006
-609,269647080933556220,62782065,-1,2459685593889996800,572689878
67,269647080935751680,62782107,0,2459685647397279700,572690391
-255,269647080927395840,62782087,-1,2459685537162541100,572689756
591,269647080946761730,62782140,-1,2459685431765889000,572689749
84,269647080949514240,62782108,-1,2459685347068417500,572689807
-554,269647080931360770,62782068,1,2459685524914171400,572690826
-161,269647080926085120,62782093,0,2459685586771841000,572690408
-48,269647080924512260,62782100,1,2459685726331512800,572690730
42,269647080925888510,62782106,-1,2459685614093641200,572689766
71,269647080928215040,62782107,0,2459685627116429300,572690236
2,269647080928280580,62782103,0,2459685654902296600,572690297
644,269647080949383170,62782143,1,2459685791659279400,572690735
1,269647080949415940,62782103,0,2459685796479721000,572690245
-118,269647080945549310,62782096,1,2459685884572123100,572690575
-537,269647080927952900,62782069,0,2459685884572123100,572690247
-10,269647080927625220,62782102,-0,2459685816301557800,572689977
5,269647080927789060,62782103,-0,2459685798051314700,572690159
-1172,269647080889384960,62782030,1,2459685907938086900,572690662
354,269647080900984830,62782125,-1,2459685792388919300,572689795
-490,269647080884928510,62782072,1,2459685875202587100,572690554
423,269647080898789380,62782129,-0,2459685870521293300,572690226
37,269647080900001790,62782105,-1,2459685677056660000,572689478
-425,269647080886075390,62782076,-1,2459685561130706400,572689740
-85,269647080883290110,62782098,-1,2459685401647934500,572689541
-148,269647080878440450,62782094,1,2459685495606452200,572690507
278,269647080887549950,62782120,-1,2459685404895500300,572689798
494,269647080903737340,62782134,1,2459685490404228100,572690474
-295,269647080894070780,62782084,0,2459685491751625700,572690161
-938,269647080863334400,62782044,1,2459685567289119700,572690455
418,269647080877031420,62782129,-2,2459685358081468400,572689345
-223,269647080869724160,62782089,1,2459685444694659600,572690467
631,269647080890400770,62782142,1,2459685521956682800,572690451
720,269647080913993730,62782148,-1,2459685444297480700,572689855
243,269647080921956350,62782118,1,2459685596620455400,572690748
274,269647080930934780,62782120,-1,2459685472097762800,572689687
-112,269647080927264770,62782096,0,2459685485018096600,572690202
-386,269647080914616320,62782079,1,2459685554713184300,572690430
-423,269647080900755460,62782076,-1,2459685475679068200,572689858
249,269647080908914690,62782118,0,2459685510529228300,572690290
372,269647080921104380,62782126,0,2459685541286013400,572690282
397,269647080934113280,62782128,-1,2459685339187086800,572689367
317,269647080944500740,62782123,-1,2459685160677707800,572689414
-36,269647080943321090,62782101,1,2459685279468945400,572690549
205,269647080950038530,62782116,1,2459685381738245600,572690511
571,269647080968749060,62782139,1,2459685488410000900,572690552
15,269647080969240580,62782104,1,2459685564250242600,572690455
-281,269647080960032770,62782085,-0,2459685559314439200,572690153
-190,269647080953806850,62782091,-1,2459685354782378500,572689362
370,269647080965931010,62782126,0,2459685358358049800,572690138
314,269647080976220160,62782123,-0,2459685305376176100,572689915
114,269647080979955710,62782110,0,2459685316456826900,572690156
253,269647080988246020,62782119,-0,2459685300970399700,572690054
-66,269647080986083330,62782099,1,2459685401796311600,572690510
-439,269647080971698180,62782075,1,2459685599090239500,572690916
276,269647080980742140,62782120,1,2459685669288439300,572690459
-94,269647080977661950,62782097,1,2459685802002862600,572690722
291,269647080987197440,62782121,0,2459685836183396900,572690363
-92,269647080984182780,62782097,-0,2459685767809049600,572689965
6,269647080984379390,62782103,1,2459685873945048100,572690640
27,269647080985264130,62782105,1,2459685983348823600,572690678
-136,269647080980807680,62782094,1,2459686063253107700,572690586
196,269647080987230210,62782115,1,2459686233591863300,572690963
-14,269647080986771460,62782102,0,2459686271232115200,572690477
433,269647081000960000,62782130,-1,2459686133187914800,572689791
-62,269647080998928380,62782099,-1,2459685948318642700,572689573
813,269647081025568770,62782154,1,2459686094630385200,572690841
360,269647081037365250,62782125,-1,2459685908198055900,572689558
194,269647081043722240,62782115,-1,2459685711092408300,572689473
252,269647081051979780,62782119,-1,2459685534678627800,572689509
-954,269647081020719100,62782043,1,2459685700103243800,572690820
-117,269647081016885250,62782096,-0,2459685693979447800,572690180
119,269647081020784640,62782110,1,2459685815813737500,572690685
313,269647081031041020,62782122,-0,2459685765836884500,572690033
675,269647081053159420,62782145,0,2459685771443525600,572690242
299,269647081062957060,62782122,1,2459685884083022300,572690667
188,269647081069117440,62782115,0,2459685942680702000,572690479
-571,269647081050406910,62782067,1,2459686036926648300,572690634
-88,269647081047523330,62782097,-1,2459685872559505400,572689632
57,269647081049391100,62782107,-1,2459685803139295200,572689970
240,269647081057255420,62782118,-0,2459685783299662300,572690150
-316,269647081046900740,62782083,1,2459685915389883400,572690746
278,269647081056010240,62782120,-0,2459685906811107300,572690220
295,269647081065676800,62782121,-0,2459685872390471200,572690116
-1450,269647081018163200,62782012,-1,2459685755047222300,572689780
129,269647081022390270,62782111,-0,2459685754058469900,572690213
115,269647081026158590,62782110,-1,2459685636527844900,572689752
498,269647081042477060,62782134,0,2459685677924372500,572690353
-413,269647081028943870,62782077,-1,2459685605705971700,572689913
454,269647081043820540,62782131,0,2459685671456190000,572690443
-55,269647081042018300,62782100,1,2459685753818710500,572690524
160,269647081047261180,62782113,1,2459685834889876000,572690538
398,269647081060302850,62782128,0,2459685894221587500,572690470
207,269647081067085820,62782116,-1,2459685777147802600,572689786
834,269647081094414340,62782155,-0,2459685723576112100,572690010
-88,269647081091530750,62782097,-0,2459685690648071200,572690079
475,269647081107095550,62782133,1,2459685789307541500,572690593
-332,269647081096216580,62782082,-1,2459685612470003700,572689525
158,269647081101393920,62782113,1,2459685739372080100,572690686
192,269647081107685380,62782115,1,2459685911713338900,572690896
361,269647081119514620,62782126,-1,2459685822872269300,572689902
-461,269647081104408580,62782074,0,2459685827609666600,572690252
188,269647081110568960,62782115,-0,2459685767949295600,572689998
-145,269647081105817600,62782094,-1,2459685562091809800,572689405
34,269647081106931710,62782105,1,2459685759932556800,572690955
375,269647081119219710,62782126,0,2459685822232574000,572690465
-295,269647081109553150,62782085,-1,2459685733342772700,572689881
-20,269647081108897790,62782102,1,2459685885915963400,572690816
206,269647081115648000,62782116,1,2459686024313426900,572690795
392,269647081128493060,62782127,-1,2459685838871510500,572689546
175,269647081134227460,62782114,1,2459686005175398900,572690895
-678,269647081112010750,62782061,-1,2459685823050672100,572689554
-138,269647081107488770,62782094,-0,2459685755565950500,572689966
-471,269647081092055040,62782074,-0,2459685695595360300,572689980
-21,269647081091366910,62782102,0,2459685722892705800,572690311
185,269647081097428990,62782115,1,2459685822699375600,572690605
-95,269647081094316030,62782097,-0,2459685816000346600,572690206
777,269647081119776770,62782152,0,2459685833491217900,572690300
533,269647081137242110,62782136,-1,2459685753332783600,572689918
551,269647081155297280,62782137,-0,2459685686937063400,572689954
-203,269647081148645380,62782090,2,2459685899249995300,572691042
-51,269647081146974210,62782100,-1,2459685766586817000,572689726
18,269647081147564030,62782104,2,2459685974674776100,572691043
717,269647081171058690,62782148,1,2459686130132495900,572690883
-571,269647081152348160,62782067,0,2459686187751357400,572690532
-388,269647081139634180,62782079,-1,2459686118519285200,572690044
81,269647081142288380,62782108,1,2459686247537430000,572690812
-663,269647081120563200,62782062,-1,2459686080350003700,572689670
-508,269647081103917060,62782071,1,2459686195691273700,572690749
-296,269647081094217730,62782084,-1,2459686020684286500,572689627
176,269647081099984900,62782114,-0,2459686005692368900,572690220
-333,269647081089073150,62782082,0,2459686013001022000,572690304
-297,269647081079341060,62782084,-0,2459685975779050000,572690130
-35,269647081078194180,62782101,1,2459686111078377500,572690804
-1790,269647081019539460,62781991,-1,2459685999052930600,572689857
610,269647081039527940,62782141,-1,2459685874785534000,572689782
264,269647081048178690,62782119,0,2459685942148692000,572690512
913,269647081078095870,62782160,-0,2459685932075800100,572690221
291,269647081087631360,62782121,-1,2459685759568303600,572689575
99,269647081090875390,62782109,0,2459685804096832500,572690394
-100,269647081087598590,62782097,-0,2459685774597591000,572690112
582,269647081106669570,62782139,1,2459685905799938000,572690741
-65,269647081104539650,62782099,-1,2459685819103773700,572689909
17,269647081105096700,62782104,1,2459686014180103200,572691004
-483,269647081089269760,62782073,1,2459686119401123300,572690694
-624,269647081068822530,62782064,-1,2459685989958920700,572689790
208,269647081075638270,62782116,1,2459686193926297600,572691079
190,269647081081864190,62782115,-1,2459686114594012700,572690005
282,269647081091104770,62782121,1,2459686275146679300,572690936
-32,269647081090056190,62782101,-0,2459686263503968800,572690292
582,269647081109127170,62782139,-1,2459686146033733600,572689870
90,269647081112076290,62782109,-0,2459686078948522500,572690043
126,269647081116205060,62782111,0,2459686088097581100,572690329
85,269647081118990340,62782108,1,2459686191518777300,572690704
-370,269647081106866180,62782080,0,2459686214216639000,572690408
-33,269647081105784830,62782101,0,2459686246446132700,572690452
103,269647081109159940,62782109,1,2459686327304944600,572690651
-145,269647081104408580,62782094,-1,2459686173211708400,572689740
306,269647081114435580,62782122,-0,2459686116400538600,572690090
-154,269647081109389310,62782093,-1,2459686032787705900,572689970
116,269647081113190400,62782110,0,2459686044954546700,572690330
181,269647081119121410,62782114,-0,2459685981766083600,572690034
-1069,269647081084092420,62782036,-2,2459685769653921800,572689430
268,269647081092874240,62782120,-1,2459685621426476500,572689634
-197,269647081086418940,62782091,1,2459685769519646700,572690772
130,269647081090678780,62782111,-1,2459685669262191600,572689824
285,269647081100017660,62782121,-0,2459685604973360100,572689943
-173,269647081094348800,62782092,-0,2459685604059145700,572690178
127,269647081098510340,62782111,-1,2459685485399191600,572689712
643,269647081119580160,62782143,0,2459685545196674600,572690391
516,269647081136488450,62782135,0,2459685547144059900,572690176
33,269647081137569790,62782105,2,2459685754437650900,572690989
-15,269647081137078270,62782102,0,2459685768136006100,572690271
2,269647081137143810,62782103,-1,2459685582393710100,572689485
-436,269647081122856960,62782076,0,2459685592111122400,572690215
141,269647081127477250,62782112,-1,2459685390535638000,572689381
-184,269647081121447940,62782091,1,2459685502244448800,572690574
503,269647081137930240,62782134,-0,2459685436571848700,572689898
-324,269647081127313410,62782083,-1,2459685343778581500,572689776
-114,269647081123577860,62782096,0,2459685357858357800,572690177
-259,269647081115090940,62782087,1,2459685563195512800,572690937
-118,269647081111224320,62782096,0,2459685569825349600,572690199
-3,269647081111126020,62782103,1,2459685715827712500,572690752
263,269647081119744000,62782119,1,2459685832937996800,572690671
-233,269647081112109060,62782088,-0,2459685765262439900,572689967
74,269647081114533890,62782108,-0,2459685731024261600,572690084
-462,269647081099395070,62782074,-2,2459685518059450400,572689369
-53,269647081097658370,62782100,-1,2459685400723326500,572689697
-411,269647081084190720,62782077,-0,2459685397799534600,572690123
429,269647081098248190,62782130,1,2459685564030379500,572690792
-868,269647081069805570,62782049,1,2459685667768679900,572690583
-737,269647081045655550,62782057,-1,2459685498924826600,572689528
-1129,269647081008660480,62782032,-0,2459685485986117600,572690106
-325,269647080998010880,62782083,1,2459685633884559900,572690740
11,269647080998371330,62782104,1,2459685722717746700,572690540
283,269647081007644670,62782121,-1,2459685641360440300,572689887
-221,269647081000402940,62782089,1,2459685812251501100,572690867
922,269647081030615040,62782161,-1,2459685704307199500,572689803
136,269647081035071490,62782111,-1,2459685526454660600,572689501
62,269647081037103100,62782107,1,2459685672029434400,572690740
18,269647081037692930,62782104,-1,2459685469372718600,572689396
-198,269647081031204860,62782091,0,2459685501451388900,572690277
19,269647081031827460,62782104,-1,2459685327806442500,572689471
212,269647081038774270,62782116,-2,2459685112356006400,572689265
28,269647081039691780,62782105,-1,2459684996627109900,572689609
-344,269647081028419580,62782081,0,2459685054378506200,572690269
396,269647081041395710,62782128,-0,2459685007019093000,572689866
51,269647081043066880,62782106,0,2459685035519165400,572690156
147,269647081047883780,62782112,0,2459685055504152600,572690129
-798,269647081021734910,62782053,-1,2459684879761224700,572689359
-390,269647081008955390,62782079,1,2459685038055494700,572690640
152,269647081013936130,62782112,1,2459685235279217700,572690831
-223,269647081006628860,62782089,-0,2459685222447812600,572690045
-498,269647080990310400,62782072,-1,2459685018920068100,572689287
149,269647080995192830,62782112,1,2459685131713143800,572690492
-580,269647080976187390,62782067,-1,2459684939552184800,572689311
386,269647080988835840,62782127,-0,2459684912422345700,572689920
218,269647080995979260,62782117,1,2459685035106613200,572690506
-80,269647080993357820,62782098,1,2459685120403140600,572690387
324,269647081003974660,62782123,1,2459685309306628100,572690817
-90,269647081001025540,62782097,-1,2459685237278695900,572689828
83,269647081003745280,62782108,0,2459685303678981600,572690359
230,269647081011281920,62782117,1,2459685417509921800,572690562
-110,269647081007677440,62782096,-0,2459685382924446200,572690002
-67,269647081005481980,62782099,0,2459685422829471200,572690288
-5,269647081005318140,62782103,0,2459685426870628400,572690156
780,269647081030877180,62782152,1,2459685625584359900,572690927
-87,269647081028026370,62782097,-1,2459685506776485900,572689717
401,269647081041166340,62782128,-1,2459685431862796800,572689863
-224,269647081033826300,62782089,0,2459685446375874000,572690199
220,269647081041035260,62782117,1,2459685574266185700,572690651
331,269647081051881470,62782124,-1,2459685370857578000,572689370
613,269647081071968260,62782141,1,2459685511038487600,572690682
-278,269647081062858750,62782086,1,2459685638314663400,572690664
-360,269647081051062270,62782080,1,2459685793526404600,572690804
-35,269647081049915390,62782101,1,2459685892562883600,572690618
-33,269647081048834050,62782101,1,2459686088588099100,572691025
229,269647081056337920,62782117,0,2459686097112649700,572690328
-114,269647081052602370,62782096,1,2459686203870115800,572690719
-106,269647081049128960,62782096,-0,2459686157465503200,572690138
44,269647081050570750,62782106,-0,2459686093249650700,572690057
-171,269647081044967420,62782092,0,2459686151953675300,572690528
-439,269647081030582270,62782075,-0,2459686115307774500,572690164
-350,269647081019113470,62782081,1,2459686310397186600,572691073
116,269647081022914560,62782110,-1,2459686138729643000,572689667
133,269647081027272700,62782111,1,2459686276465441800,572690852
369,269647081039364100,62782126,1,2459686471137027100,572691109
-126,269647081035235330,62782095,0,2459686520089445900,572690578
-498,269647081018916860,62782072,-1,2459686323193050100,572689616
-249,269647081010757630,62782087,1,2459686478996474400,572690966
459,269647081025798140,62782132,-1,2459686331462133800,572689802
-203,269647081019146240,62782090,-0,2459686263455611400,572690082
-60,269647081017180160,62782099,0,2459686288421236700,572690434
-92,269647081014165500,62782097,1,2459686446858576400,572690968
511,269647081030909950,62782135,0,2459686494013492700,572690565
421,269647081044705280,62782129,-1,2459686364805067300,572689878
-2,269647081044639740,62782103,1,2459686563986612200,572691147
-551,269647081026584580,62782068,2,2459686775164868100,572691241
22,269647081027305470,62782104,1,2459686872273711600,572690839
-128,269647081023111170,62782095,0,2459686894748638700,572690566
-484,269647081007251460,62782073,1,2459687058961257500,572691132
917,269647081037299710,62782160,0,2459687109529378300,572690721
100,269647081040576510,62782109,1,2459687288534010400,572691241
127,269647081044738050,62782111,-0,2459687259273505300,572690458
732,269647081068724220,62782149,-1,2459687132133347800,572690064
-270,269647081059876860,62782086,1,2459687317801575900,572691273
-32,269647081058828290,62782101,1,2459687467723633200,572691174
-648,269647081037594620,62782062,1,2459687594603862500,572691118
250,269647081045786620,62782119,-1,2459687506593940000,572690297
87,269647081048637440,62782108,-1,2459687402042503200,572690211
281,269647081057845250,62782121,0,2459687407819242000,572690623
-479,269647081042149380,62782073,0,2459687447205734900,572690758
126,269647081046278140,62782111,-1,2459687251970474500,572689838
394,269647081059188740,62782128,-0,2459687213259054100,572690412
1760,269647081116860420,62782213,-1,2459687021957554700,572689799
329,269647081127641090,62782124,-1,2459686860718526500,572689874
-160,269647081122398210,62782093,-1,2459686668455367700,572689713
-645,269647081101262850,62782063,-1,2459686528850035200,572689877
212,269647081108209660,62782116,1,2459686654822700000,572690896
1732,269647081164963840,62782211,-1,2459686463982045200,572689671
460,269647081180037120,62782132,1,2459686593575076400,572690895
99,269647081183281150,62782109,1,2459686679898843600,572690754
71,269647081185607680,62782107,-1,2459686535385520600,572689860
-705,269647081162506240,62782059,-1,2459686411625291300,572689909
-95,269647081159393280,62782097,1,2459686537787336700,572690869
73,269647081161785340,62782108,-1,2459686354731118600,572689675
-34,269647081160671230,62782101,1,2459686429222932000,572690652
-242,269647081152741380,62782088,0,2459686447638186000,572690447
441,269647081167192060,62782131,0,2459686477213512200,572690495
162,269647081172500480,62782113,-1,2459686367290226200,572689950
489,269647081188524030,62782134,1,2459686459589734400,572690725
-150,269647081183608830,62782094,1,2459686648260846100,572691128
115,269647081187377150,62782110,1,2459686768686639600,572690902
-26,269647081186525180,62782101,-1,2459686660742338000,572690026
-149,269647081181642750,62782094,-1,2459686510941154300,572689835
-184,269647081175613440,62782091,-1,2459686398869026800,572689949
654,269647081197043710,62782144,1,2459686478750358500,572690683
-29,269647081196093440,62782101,0,2459686482441013200,572690400
-45,269647081194618880,62782100,-1,2459686291433847300,572689630
103,269647081197993980,62782109,1,2459686417573273100,572690841
510,269647081214705660,62782135,-0,2459686365778736100,572690166
349,269647081226141700,62782125,1,2459686482624409600,572690822
72,269647081228500990,62782107,-0,2459686443546609200,572690232
-236,269647081220767740,62782088,1,2459686571811172900,572690885
-522,269647081203662850,62782070,-1,2459686502264828400,572690132
799,269647081229844480,62782153,-1,2459686405237920800,572690007
-442,269647081215361020,62782075,-1,2459686300591520800,572689954
179,269647081221226500,62782114,1,2459686467811155500,572691006
-361,269647081209397250,62782080,1,2459686550003899400,572690708
189,269647081215590400,62782115,1,2459686712701263900,572691046
-258,269647081207136260,62782087,0,2459686720946384900,572690473
270,269647081215983620,62782120,-1,2459686546107735600,572689750
45,269647081217458180,62782106,1,2459686651590039000,572690819
-89,269647081214541820,62782097,-0,2459686605433347600,572690243
91,269647081217523710,62782109,0,2459686618138894300,572690465
622,269647081237905410,62782142,-1,2459686545470977000,572690130
1007,269647081270902780,62782166,-1,2459686402132534800,572689834
108,269647081274441730,62782110,-1,2459686304464095200,572689981
-372,269647081262252030,62782080,1,2459686503174141400,572691131
-923,269647081232007170,62782045,-1,2459686422789174300,572690073
-343,269647081220767740,62782082,-1,2459686350838109200,572690088
-834,269647081193439230,62782051,1,2459686458782410800,572690783
11,269647081193799680,62782104,1,2459686589774488600,572690899
-346,269647081182461950,62782081,-0,2459686532226513400,572690184
346,269647081193799680,62782125,-1,2459686437308560400,572690022
-153,269647081188786180,62782093,-1,2459686270262602800,572689715
-103,269647081185411070,62782097,1,2459686348673435100,572690647
-976,269647081153429500,62782042,1,2459686486922168800,572690902
-115,269647081149661180,62782096,-0,2459686486280934400,572690385
114,269647081153396740,62782110,-1,2459686340925988900,572689812
305,269647081163390980,62782122,1,2459686435475435000,572690728
-168,269647081157885950,62782092,0,2459686494998794200,572690611
-145,269647081153134590,62782094,-1,2459686422495126000,572690102
739,269647081177350140,62782149,-1,2459686287202017300,572689837
-764,269647081152315390,62782055,-1,2459686120276473300,572689680
-91,269647081149333500,62782097,-0,2459686099110126600,572690218
-85,269647081146548220,62782098,-1,2459685977023881200,572689814
210,269647081153429500,62782116,1,2459686139416985100,572690911
-505,269647081136881660,62782071,-0,2459686109258678300,572690187
351,269647081148383230,62782125,1,2459686309629768200,572691093
607,269647081168273410,62782141,-1,2459686166458258400,572689779
-124,269647081164210180,62782095,-1,2459686004893950000,572689673
613,269647081184296960,62782141,-1,2459685878492689900,572689775
356,269647081195962370,62782125,-0,2459685867693007900,572690203
-261,269647081187409920,62782087,-1,2459685704303216600,572689597
367,269647081199435780,62782126,0,2459685724582195700,572690285
-353,269647081187868670,62782081,1,2459685918767824900,572690979
-127,269647081183707140,62782095,0,2459685966859380700,572690446
49,269647081185312770,62782106,-1,2459685846695929300,572689791
-53,269647081183576060,62782100,-1,2459685694307814900,572689635
-75,269647081181118460,62782098,1,2459685841407223800,572690785
749,269647081205661700,62782150,0,2459685904148363300,572690485
154,269647081210707970,62782113,1,2459686051941096400,572690837
-606,269647081190850560,62782065,-1,2459685910260788200,572689725
-300,269647081181020160,62782084,-1,2459685803293524500,572689830
-419,269647081167290370,62782077,-1,2459685692061836800,572689788
573,269647081186066430,62782139,2,2459685904842343900,572691045
-393,269647081173188610,62782078,-0,2459685871172732900,572690119
-382,269647081160671230,62782079,-1,2459685705137927200,572689587
397,269647081173680130,62782128,-1,2459685623409700400,572689882
242,269647081181609980,62782118,0,2459685691967509000,572690458
-276,269647081172566020,62782086,0,2459685720826049000,572690317
327,269647081183281150,62782123,-0,2459685662027278300,572689976
-171,269647081177677820,62782092,1,2459685853066977300,572690952
-30,269647081176694780,62782101,0,2459685898852739100,572690421
70,269647081178988540,62782107,1,2459686061928601100,572690896
788,269647081204809730,62782152,1,2459686140016989700,572690598
133,269647081209167870,62782111,1,2459686261997645300,572690789
323,269647081219751940,62782123,-0,2459686239922803200,572690248
164,269647081225125890,62782113,0,2459686250405891100,572690371
365,269647081237086210,62782126,1,2459686397089507800,572690913
875,269647081265758210,62782158,-1,2459686221520080900,572689672
-296,269647081256058880,62782084,1,2459686416800376800,572691099
48,269647081257631740,62782106,0,2459686475705736200,572690604
-14,269647081257172990,62782102,0,2459686490020192800,572690441
1028,269647081290858500,62782167,-0,2459686469234320900,572690306
14,269647081291317250,62782104,1,2459686669914311700,572691178
-126,269647081287188480,62782095,1,2459686802536068100,572690955
-192,269647081280897020,62782091,-1,2459686720881524700,572690138
-41,269647081279553540,62782100,-0,2459686668538394600,572690235
354,269647081291153410,62782125,-1,2459686505268599300,572689783
142,269647081295806460,62782112,1,2459686635277115400,572690906
34,269647081296920580,62782105,0,2459686698096166900,572690671
412,269647081310420990,62782129,-0,2459686697573588000,572690435
-492,269647081294299140,62782072,-1,2459686520577032700,572689736
163,269647081299640320,62782113,-1,2459686326242412500,572689626
792,269647081325592580,62782153,-1,2459686166398524400,572689717
-390,269647081312813060,62782079,1,2459686325849087000,572690944
-402,269647081299640320,62782078,-0,2459686266579911700,572690115
20,269647081300295680,62782104,-1,2459686085973032400,572689621
-53,269647081298558980,62782100,-0,2459686021507775500,572690039
-92,269647081295544320,62782097,1,2459686123193366000,572690682
-43,269647081294135300,62782100,-1,2459685956423073300,572689643
-393,269647081281257470,62782078,-1,2459685790122819600,572689606
-411,269647081267789820,62782077,-0,2459685770873049600,572690149
226,269647081275195390,62782117,-1,2459685606089356800,572689568
-515,269647081258319870,62782071,1,2459685783241568300,572690884
-216,269647081251241980,62782089,-1,2459685694739874300,572689873
576,269647081270116350,62782139,1,2459685776076386300,572690525
3,269647081270214660,62782103,0,2459685776076386300,572690222
333,269647081281126400,62782124,1,2459685980782264300,572691032
920,269647081311272960,62782161,1,2459686096838526000,572690729
641,269647081332277250,62782143,1,2459686170088527400,572690587
4,269647081332408320,62782103,1,2459686355387827200,572691047
-173,269647081326739460,62782092,-0,2459686324739694100,572690236
-453,269647081311895550,62782075,0,2459686333242745900,572690383
71,269647081314222080,62782107,1,2459686536802293200,572691157
-112,269647081310552060,62782096,1,2459686681339997700,572690971
-573,269647081291776000,62782067,1,2459686819960526300,572690981
-243,269647081283813380,62782088,1,2459686966780434900,572691046
-513,269647081267003390,62782071,-1,2459686765926029300,572689704
-618,269647081246752770,62782064,-1,2459686564204854300,572689654
88,269647081249636350,62782108,1,2459686704041159200,572690959
280,269647081258811390,62782120,1,2459686817920489000,572690889
754,269647081283518460,62782150,1,2459686937150327300,572690936
-456,269647081268576260,62782074,-1,2459686758768891400,572689786
718,269647081292103680,62782148,-1,2459686660151798300,572690060
489,269647081308127230,62782134,-0,2459686622544994300,572690279
-260,269647081299607550,62782087,1,2459686761451100700,572690969
619,269647081319890940,62782142,-0,2459686693850364400,572690184
-295,269647081310224380,62782085,-0,2459686678794915300,572690376
-273,269647081301278720,62782086,1,2459686828971748900,572691027
39,269647081302556670,62782105,1,2459686949889353700,572690946
95,269647081305669630,62782109,-0,2459686917509167600,572690367
112,269647081309339650,62782110,-0,2459686898949049900,572690414
146,269647081314123780,62782112,-0,2459686849331378200,572690287
-51,269647081312452610,62782100,-1,2459686712569126900,572689930
-500,269647081296068610,62782072,0,2459686778680483300,572690702
297,269647081305800700,62782122,1,2459686943677249500,572691108
-121,269647081301835780,62782095,0,2459686972040152600,572690606
1595,269647081354100740,62782203,1,2459687094289361400,572690984
175,269647081359835140,62782114,1,2459687239499681800,572691104
-145,269647081355083780,62782094,-1,2459687041482455000,572689779
-174,269647081349382140,62782092,1,2459687224094503400,572691239
-258,269647081340928000,62782087,-0,2459687215289730000,572690524
-386,269647081328279550,62782079,1,2459687301126984200,572690897
-310,269647081318121470,62782084,0,2459687305318736900,572690594
-79,269647081315532800,62782098,-1,2459687121330242000,572689850
450,269647081330278400,62782131,-0,2459687085426290200,572690393
-193,269647081323954180,62782091,1,2459687199553380400,572690979
220,269647081331163140,62782117,1,2459687393668289500,572691322
-400,269647081318055940,62782078,0,2459687444979086800,572690802
125,269647081322151940,62782111,-1,2459687291435623900,572690003
666,269647081343975420,62782145,2,2459687499415510000,572691398
530,269647081361342460,62782136,-0,2459687441222731800,572690393
543,269647081379135490,62782137,-0,2459687388960779300,572690403
58,269647081381036030,62782107,-1,2459687190034908700,572689810
521,269647081398108160,62782136,0,2459687213162802700,572690643
182,269647081404071940,62782114,-1,2459687096639725100,572690095
-115,269647081400303620,62782096,1,2459687275462628400,572691237
-150,269647081395388420,62782094,-1,2459687116397708300,572689941
-296,269647081385689090,62782085,0,2459687176587394000,572690772
-754,269647081360982020,62782056,-0,2459687124441038300,572690342
-351,269647081349480450,62782081,1,2459687226206159400,572690939
406,269647081362784260,62782128,1,2459687355847257600,572691073
323,269647081373368320,62782123,-0,2459687347320340500,572690556
-367,269647081361342460,62782080,0,2459687362174958100,572690647
474,269647081376874500,62782133,0,2459687400140375000,572690741
580,269647081395879940,62782139,-1,2459687303211698200,572690216
63,269647081397944320,62782107,-1,2459687139534233100,572689930
240,269647081405808640,62782118,1,2459687327031444000,572691282
-4,269647081405677570,62782103,0,2459687390754686000,572690835
-645,269647081384542210,62782063,-0,2459687355388383700,572690458
96,269647081387687940,62782109,-1,2459687197529957400,572689965
67,269647081389883390,62782107,1,2459687390937138200,572691318
-109,269647081386311680,62782096,0,2459687407299461100,572690663
694,269647081409052670,62782146,0,2459687471055797200,572690854
382,269647081421570050,62782127,1,2459687658250283000,572691358
206,269647081428320260,62782116,1,2459687731746842100,572690951
350,269647081439789060,62782125,1,2459687849360454100,572691143
15,269647081440280580,62782104,-0,2459687838928310300,572690663
299,269647081450078210,62782122,-1,2459687751906698200,572690358
-153,269647081445064700,62782093,1,2459687893761837600,572691243
248,269647081453191170,62782119,-1,2459687708575574500,572689982
-91,269647081450209280,62782097,-0,2459687682335295500,572690568
-20,269647081449553920,62782102,1,2459687765278827000,572690994
205,269647081456271360,62782116,1,2459687931287291900,572691342
702,269647081479274500,62782147,1,2459688106228344300,572691416
-260,269647081470754820,62782087,1,2459688294987108400,572691512
67,269647081472950270,62782107,-2,2459688080447792100,572689959
-13,269647081472524290,62782102,-0,2459688044068706800,572690614
242,269647081480454140,62782118,-1,2459687910614966800,572690222
-33,269647081479372800,62782101,-0,2459687903164346400,572690689
63,269647081481437180,62782107,-1,2459687750112294400,572690111
546,269647081499328510,62782137,1,2459687856473599500,572691103
-98,269647081496117250,62782097,-0,2459687809355929600,572690520
-414,269647081482551300,62782077,0,2459687822045576700,572690746
677,269647081504735230,62782145,-1,2459687645509903900,572690000
-515,269647081487859710,62782071,-1,2459687496714305000,572690068
556,269647081506078720,62782138,1,2459687575833936400,572690936
-343,269647081494839300,62782082,-0,2459687563051236400,572690590
-129,269647081490612220,62782095,1,2459687661727243800,572691029
399,269647081503686660,62782128,1,2459687867871238100,572691477
499,269647081520037890,62782134,-0,2459687800191066100,572690441
279,269647081529180160,62782120,-0,2459687734736946200,572690434
-487,269647081513222140,62782073,-0,2459687669964572200,572690422
-287,269647081503817730,62782085,1,2459687783871130600,572691114
-768,269647081478651900,62782055,-1,2459687688349590000,572690311
200,269647081485205500,62782116,2,2459687895809541600,572691488
65,269647081487335420,62782107,-1,2459687697568588800,572689931
-170,269647081481764860,62782092,0,2459687732980597200,572690809
-583,269647081462661120,62782067,0,2459687786743310800,572690890
-521,269647081445588990,62782070,-0,2459687760848354800,572690588
317,269647081455976450,62782123,1,2459687904515556400,572691253
584,269647081475112960,62782140,0,2459687949799266800,572690897
528,269647081492414460,62782136,-1,2459687873926520800,572690428
797,269647081518530560,62782153,1,2459687993273099800,572691183
523,269647081535668220,62782136,1,2459688185118473200,572691498
836,269647081563062270,62782155,0,2459688247986740700,572691032
210,269647081569943550,62782116,1,2459688379182253600,572691317
42,269647081571319810,62782106,1,2459688512340548100,572691355
-351,269647081559818240,62782081,-1,2459688310471668700,572690060
-573,269647081541042180,62782067,2,2459688521039591900,572691645
408,269647081554411520,62782129,-1,2459688377829479900,572690294
-432,269647081540255740,62782076,-0,2459688335977822700,572690662
-731,269647081516302340,62782057,-1,2459688170479513100,572690163
-45,269647081514827780,62782100,-1,2459687980011397600,572690026
260,269647081523347460,62782119,0,2459687985584623100,572690757
-366,269647081511354370,62782080,-0,2459687981123886600,572690719
266,269647081520070660,62782120,1,2459688116005984300,572691269
-478,269647081504407550,62782073,-1,2459687943409813000,572690084
424,269647081518301180,62782130,1,2459688095137626600,572691327
-79,269647081515712510,62782098,-1,2459687985691319800,572690329
421,269647081529507840,62782129,1,2459688176099743200,572691490
-13,269647081529081860,62782102,-1,2459687985878917600,572690028
223,269647081536389120,62782117,-1,2459687802434813400,572690010
33,269647081537470460,62782105,-1,2459687627196021800,572690000
519,269647081554477060,62782135,1,2459687726529974300,572691046
31,269647081555492860,62782105,1,2459687911406531600,572691408
334,269647081566437380,62782124,1,2459688078824740900,572691382
217,269647081573548030,62782117,1,2459688196045040600,572691222
-43,269647081572139010,62782100,-1,2459688041268327400,572690173
-145,269647081567387650,62782094,1,2459688142713165800,572691151
-667,269647081545531390,62782061,-1,2459688019167289300,572690284
-281,269647081536323580,62782085,1,2459688164578799100,572691320
-74,269647081533898750,62782098,1,2459688315395293200,572691375
523,269647081551036420,62782136,0,2459688370078728700,572691030
-574,269647081532227580,62782067,-1,2459688285219712000,572690490
240,269647081540091900,62782118,-1,2459688096699695100,572690060
-331,269647081529245700,62782082,-1,2459687971223076400,572690266
862,269647081557491710,62782157,-0,2459687915070768100,572690511
-30,269647081556508670,62782101,0,2459687935272125400,572690800
-6,269647081556312060,62782103,-2,2459687722046734300,572689881
-25,269647081555492860,62782101,-1,2459687613826451500,572690247
76,269647081557983230,62782108,1,2459687717211399200,572691059
113,269647081561686020,62782110,0,2459687774268080600,572690900
883,269647081590620160,62782158,1,2459687847233548800,572690976
730,269647081614540800,62782149,0,2459687887570442800,572690864
-114,269647081610805250,62782096,-1,2459687817520903200,572690436
333,269647081621716990,62782124,0,2459687840884621800,572690790
-18,269647081621127170,62782102,1,2459687921092025900,572691020
128,269647081625321470,62782111,-1,2459687848459609600,572690434
412,269647081638821890,62782129,-1,2459687714831054300,572690176
313,269647081649078270,62782123,1,2459687919754627100,572691484
-136,269647081644621820,62782095,-1,2459687762813148200,572690100
-566,269647081626075140,62782068,1,2459687923822729200,572691322
-231,269647081618505730,62782089,-1,2459687779039452200,572690149
217,269647081625616380,62782117,0,2459687803108560900,572690784
107,269647081629122560,62782110,-0,2459687786296120800,572690627
-26,269647081628270590,62782101,0,2459687837744141300,572690894
79,269647081630859260,62782108,-1,2459687756496118800,572690380
824,269647081657860100,62782155,0,2459687812863591400,572690906
527,269647081675128830,62782136,-1,2459687689244315600,572690207
71,269647081677455360,62782108,-1,2459687523031770100,572690009
486,269647081693380610,62782133,-1,2459687452527846400,572690350
-195,269647081686990850,62782091,-1,2459687261150429700,572689855
436,269647081701277700,62782130,1,2459687391235034100,572691083
566,269647081719824380,62782138,0,2459687438651772400,572690786
319,269647081730277380,62782123,0,2459687502565990400,572690862
359,269647081742041090,62782126,-1,2459687311233228300,572689867
118,269647081745907710,62782110,1,2459687451894373400,572691136
537,269647081763504130,62782137,-1,2459687274324257800,572689909
322,269647081774055420,62782123,-1,2459687112913440300,572689932
-18,269647081773465600,62782102,-1,2459686975353010700,572689989
-302,269647081763569660,62782084,1,2459687070563002400,572690878
-31,269647081762553860,62782101,-1,2459686894238294500,572689825
290,269647081772056580,62782121,1,2459687066473373700,572691164
274,269647081781035010,62782120,1,2459687190358117900,572691013
-580,269647081762029570,62782067,2,2459687398960874500,572691377
-11,269647081761669120,62782102,1,2459687488836256300,572690956
251,269647081769893890,62782119,0,2459687495264876500,572690646
-166,269647081764454400,62782093,1,2459687630286257700,572691157
-618,269647081744203780,62782064,1,2459687801256148000,572691330
532,269647081761636350,62782136,-1,2459687693460912100,572690267
-487,269647081745678340,62782073,1,2459687883494368800,572691421
13,269647081746104320,62782104,1,2459687989480053200,572691132
264,269647081754755070,62782120,-1,2459687872419744300,572690274
103,269647081758130180,62782110,-0,2459687833065662000,572690554
173,269647081763799040,62782114,2,2459688046795715600,572691547
416,269647081777430530,62782129,-1,2459687912211376600,572690218
-215,269647081770385410,62782090,-1,2459687774492083200,572690174
190,269647081776611330,62782115,-0,2459687709310657500,572690429
448,269647081791291390,62782131,-1,2459687567877871600,572690112
-277,269647081782214660,62782086,-0,2459687522934722600,572690461
60,269647081784180740,62782107,1,2459687623010695700,572691025
61,269647081786179580,62782107,-1,2459687484821343700,572690105
-678,269647081763962880,62782061,0,2459687486543546400,572690627
-88,269647081761079300,62782098,0,2459687490443104300,572690636
1012,269647081794240510,62782166,-1,2459687318046272500,572689939
14,269647081794699260,62782104,1,2459687433910964700,572691040
100,269647081797976060,62782109,-0,2459687419612994600,572690551
349,269647081809412100,62782125,1,2459687572505539100,572691210
-314,269647081799122940,62782083,1,2459687670124443100,572691027
1032,269647081832939520,62782168,0,2459687710673175600,572690823
-384,269647081820356610,62782079,-0,2459687666059808300,572690496
120,269647081824288770,62782111,-1,2459687491946198500,572689973
50,269647081825927170,62782106,-1,2459687351724528600,572690066
-64,269647081823830020,62782099,0,2459687374741569500,572690680
-305,269647081813835780,62782084,-0,2459687348598117400,572690491
-102,269647081810493440,62782097,1,2459687522135463400,572691275
100,269647081813770240,62782109,-1,2459687355731205600,572689970
-181,269647081807839230,62782092,1,2459687535459966000,572691301
13,269647081808265220,62782104,0,2459687578249421300,572690801
-184,269647081802235900,62782092,1,2459687652243051000,572690934
326,269647081812918270,62782123,0,2459687711370090000,572690893
-634,269647081792143360,62782063,-0,2459687671574050300,572690515
130,269647081796403200,62782111,1,2459687862671070700,572691420
457,269647081811378180,62782132,-0,2459687854942310400,572690677
-437,269647081797058560,62782076,-1,2459687766793864200,572690357
-260,269647081788538880,62782087,1,2459687925498997200,572691314
34,269647081789652990,62782105,-1,2459687825156012500,572690325
540,269647081807347710,62782137,-1,2459687720837730800,572690286
855,269647081835364350,62782157,1,2459687847513948700,572691176
466,269647081850634240,62782132,-1,2459687680826904600,572690044
-314,269647081840345090,62782083,0,2459687703838553100,572690756
36,269647081841524740,62782105,0,2459687769837394400,572690932
4,269647081841655810,62782103,-1,2459687576646652400,572689921
-412,269647081828155390,62782077,-0,2459687543446114300,572690510
-393,269647081815277570,62782079,-2,2459687329799905800,572689788
13,269647081815703550,62782104,-0,2459687267985415200,572690339
-22,269647081814982660,62782102,1,2459687456813105700,572691317
-263,269647081806364670,62782087,-0,2459687420269194800,572690469
1043,269647081840541700,62782168,1,2459687554320912400,572691135
100,269647081843818500,62782109,2,2459687762326938100,572691459
-15,269647081843326980,62782102,-0,2459687738149560300,572690589
72,269647081845686270,62782108,-1,2459687595216465900,572690113
-16,269647081845161980,62782102,-1,2459687438218561000,572690024
194,269647081851518980,62782115,-1,2459687320235640300,572690142
335,269647081862496260,62782124,1,2459687400021900300,572690897
104,269647081865904130,62782110,-0,2459687399615277600,572690598
362,269647081877766140,62782126,1,2459687527901382700,572691108
556,269647081895985150,62782138,-1,2459687378364315100,572690038
-182,269647081890021380,62782092,-1,2459687206225014800,572689914
464,269647081905225730,62782132,1,2459687397264713700,572691311
248,269647081913352190,62782119,2,2459687606783162900,572691429
-196,269647081906929660,62782091,-0,2459687575701008900,572690525
-436,269647081892642820,62782076,-1,2459687481169524700,572690267
-219,269647081885466620,62782089,-1,2459687407031249900,572690325
-318,269647081875046400,62782083,-1,2459687217832917000,572689853
445,269647081889628160,62782131,1,2459687324499941900,572690980
-11,269647081889267710,62782102,1,2459687415188818900,572690941
168,269647081894772740,62782114,-1,2459687312180320800,572690196
-525,269647081877569540,62782070,-0,2459687269047146000,572690409
338,269647081888645120,62782124,-1,2459687096374582300,572689886
99,269647081891889150,62782109,-0,2459687055450037200,572690367
257,269647081900310530,62782119,-1,2459686916011986900,572689968
-597,269647081880748030,62782066,-1,2459686806344402900,572690053
-687,269647081858236420,62782060,-1,2459686615992215000,572689708
-165,269647081852829700,62782093,-1,2459686492368083500,572689928
-260,269647081844310020,62782087,-1,2459686321838724600,572689714
83,269647081847029760,62782108,1,2459686497771111400,572691045
348,269647081858433020,62782125,-0,2459686479661843500,572690318
-616,269647081838247940,62782065,2,2459686686246788600,572691203
-882,269647081809346560,62782048,1,2459686832390971900,572691012
-42,269647081807970300,62782100,-1,2459686683969237500,572689880
-332,269647081797091330,62782082,-1,2459686506695052800,572689732
607,269647081816981500,62782141,1,2459686651519386600,572690965
-425,269647081803055100,62782077,-1,2459686562569433600,572690074
-167,269647081797582850,62782093,-1,2459686482251736100,572690087
-923,269647081767337980,62782045,1,2459686641799180800,572691018
-381,269647081754853380,62782079,0,2459686654630585900,572690474
295,269647081764519940,62782122,-1,2459686469703787500,572689695
334,269647081775464450,62782124,-1,2459686281319719900,572689638
38,269647081776709630,62782105,-2,2459686074991332400,572689523
151,269647081781657600,62782113,1,2459686160426692100,572690630
335,269647081792634880,62782124,0,2459686181160689200,572690393
-196,269647081786212350,62782091,1,2459686313757407700,572690841
-458,269647081771204610,62782074,2,2459686525824191000,572691187
-726,269647081747415040,62782058,-0,2459686457301539800,572690125
-250,269647081739223040,62782087,1,2459686559810444800,572690786
-106,269647081735749630,62782096,1,2459686715144695800,572691019
-315,269647081725427710,62782083,-1,2459686558594473500,572689821
-227,269647081717989380,62782089,1,2459686659930700300,572690805
-35,269647081716842500,62782101,-0,2459686605247264800,572690211
99,269647081720086530,62782109,1,2459686718965468200,572690865
1004,269647081752985600,62782166,-1,2459686546886226400,572689760
259,269647081761472510,62782119,-1,2459686408810483200,572689855
187,269647081767600130,62782115,1,2459686503481804300,572690744
186,269647081773694980,62782115,1,2459686628243544100,572690885
355,269647081785327620,62782125,1,2459686736460001800,572690849
-36,269647081784147970,62782101,-1,2459686561567947800,572689753
-60,269647081782181890,62782099,1,2459686725581312500,572691054
-305,269647081772187650,62782084,1,2459686843707493400,572690911
16,269647081772711940,62782104,1,2459686987690808300,572691040
255,269647081781067780,62782119,-0,2459686957637177300,572690385
-26,269647081780215810,62782101,-0,2459686929927736300,572690387
-233,269647081772580860,62782089,-1,2459686761835864100,572689825
-179,269647081766715390,62782092,-0,2459686738059431400,572690357
283,269647081775988740,62782121,1,2459686850925453800,572690893
-582,269647081756917760,62782067,0,2459686876887284700,572690575
324,269647081767534590,62782123,0,2459686885477454300,572690512
81,269647081770188800,62782108,1,2459687076214190100,572691235
145,269647081774940160,62782112,-1,2459686944792713700,572690004
171,269647081780543490,62782114,0,2459686946270495200,572690500
-148,269647081775693820,62782094,0,2459686991855668200,572690675
1143,269647081813147650,62782175,-1,2459686804665326100,572689764
-79,269647081810558980,62782098,0,2459686826188524000,572690547
312,269647081820782590,62782123,1,2459686977397566000,572691065
236,269647081828515840,62782118,-0,2459686962747159000,572690444
3,269647081828614140,62782103,-0,2459686960012416500,572690487
-503,269647081812131840,62782072,-1,2459686810198037000,572689905
-505,269647081795584000,62782072,1,2459687013626440200,572691268
733,269647081819602940,62782149,-0,2459687001925474300,572690464
-92,269647081816588290,62782097,1,2459687194922458600,572691271
-434,269647081802366980,62782076,1,2459687285099338800,572690909
354,269647081813966850,62782125,-1,2459687176550913500,572690144
384,269647081826549760,62782127,1,2459687367100915200,572691302
-456,269647081811607550,62782075,-1,2459687205175998500,572689951
-424,269647081797713920,62782077,-1,2459687035417206300,572689883
108,269647081801252860,62782110,0,2459687074427252700,572690670
224,269647081808592900,62782117,1,2459687171543569400,572690909
-97,269647081805414400,62782097,-0,2459687163378381800,572690515
87,269647081808265220,62782109,1,2459687265637230100,572690950
200,269647081814818820,62782116,1,2459687441819921900,572691266
-509,269647081798139900,62782071,1,2459687605785184300,572691259
56,269647081799974910,62782107,1,2459687679418141200,572690939
657,269647081821503490,62782144,-1,2459687494700534300,572689934
-14,269647081821044740,62782102,0,2459687512954724400,572690694
-102,269647081817702400,62782097,0,2459687536092811300,572690718
-159,269647081812492290,62782093,-1,2459687338951239200,572689851
-394,269647081799581700,62782078,0,2459687383320560600,572690761
168,269647081805086720,62782114,1,2459687544454329900,572691234
62,269647081807118340,62782107,1,2459687665296069600,572691112
-413,269647081793585150,62782077,0,2459687726397241300,572690904
374,269647081805840380,62782126,1,2459687821274298900,572691052
303,269647081815769090,62782122,-1,2459687660158203400,572690060
421,269647081829564420,62782129,1,2459687734092699100,572690953
159,269647081834774530,62782113,1,2459687895323999200,572691316
-1009,269647081801711620,62782040,1,2459688066991542800,572691395
461,269647081816817660,62782132,-1,2459687935181888000,572690234
-24,269647081816031230,62782102,-1,2459687801444535800,572690195
-185,269647081809969150,62782092,-1,2459687610621626400,572689938
-492,269647081793847300,62782072,-1,2459687541094556700,572690374
889,269647081822978050,62782159,1,2459687630864818200,572690988
-566,269647081804431360,62782068,1,2459687751506829300,572691131
164,269647081809805310,62782113,0,2459687806844749800,572690901
-397,269647081796796420,62782078,-1,2459687716078408200,572690335
-381,269647081784311810,62782079,-1,2459687603653988900,572690229
-207,269647081777528830,62782090,0,2459687633390475800,572690765
-343,269647081766289410,62782082,0,2459687650236488700,572690721
-659,269647081744695300,62782062,0,2459687676046426600,572690760
-163,269647081739354110,62782093,-1,2459687595181230100,572690344
180,269647081745252350,62782114,-1,2459687435334982700,572690013
53,269647081746989060,62782106,1,2459687533382794800,572690996
10,269647081747316740,62782104,-1,2459687395030130700,572690083
-356,269647081735651330,62782081,1,2459687501840941100,572691022
101,269647081738960900,62782109,-0,2459687458169320400,572690451
-687,269647081716449280,62782060,-0,2459687402575020500,572690394
-439,269647081702064130,62782076,1,2459687557848675800,572691215
-12,269647081701670910,62782102,-1,2459687439607441900,572690169
374,269647081713926140,62782126,1,2459687560609834000,572691088
527,269647081731194880,62782136,1,2459687671256238600,572691075
-92,269647081728180220,62782097,1,2459687874413826600,572691467
-614,269647081708060670,62782065,0,2459687903977917400,572690828
-233,269647081700425730,62782089,-2,2459687689531649000,572689869
235,269647081708126210,62782118,-1,2459687534955325400,572690056
467,269647081723428860,62782132,-0,2459687466769447900,572690362
-143,269647081718743040,62782094,-1,2459687321718409700,572690041
403,269647081731948540,62782128,-0,2459687307841363500,572690527
-581,269647081712910340,62782067,1,2459687386972984300,572690892
38,269647081714155520,62782105,-1,2459687233096853000,572689988
-855,269647081686138880,62782050,-0,2459687167811871700,572690303
-742,269647081661825020,62782057,1,2459687280434187300,572690992
855,269647081689841660,62782157,-0,2459687213476202000,572690307
-1172,269647081651437570,62782030,-1,2459687107942862800,572690139
167,269647081656909820,62782114,-1,2459687001944469500,572690112
-115,269647081653141500,62782096,1,2459687179668697600,572691211
-113,269647081649438720,62782096,1,2459687307360754700,572691054
189,269647081655631870,62782115,1,2459687493871429100,572691317
256,269647081664020480,62782119,1,2459687572520541200,572690933
476,269647081679618050,62782133,-2,2459687363627645400,572689813
135,269647081684041730,62782112,-0,2459687337143054800,572690487
418,269647081697738750,62782129,-0,2459687295020137000,572690419
241,269647081705635840,62782118,-1,2459687104646038500,572689822
22,269647081706356740,62782104,-1,2459687016203919400,572690181
489,269647081722380290,62782134,-1,2459686885133376500,572689992
-157,269647081717235710,62782093,-1,2459686736021711900,572689890
-595,269647081697738750,62782066,-0,2459686672859441700,572690195
19,269647081698361340,62782104,-2,2459686461164262400,572689593
145,269647081703112700,62782112,0,2459686496572667900,572690522
284,269647081712418820,62782121,-0,2459686465937493000,572690268
-750,269647081687842820,62782056,-1,2459686317184136200,572689794
225,269647081695215620,62782117,-1,2459686120077203500,572689568
237,269647081702981630,62782118,-1,2459685923098377200,572689522
-192,269647081696690180,62782091,-2,2459685709539024900,572689411
-126,269647081692561410,62782095,1,2459685899891212800,572690960
19,269647081693184000,62782104,-1,2459685802261259800,572689864
277,269647081702260740,62782120,-0,2459685747952548900,572690013
55,269647081704062980,62782107,-0,2459685741760722900,572690191
28,269647081704980480,62782105,-1,2459685606280199700,572689678
126,269647081709109250,62782111,-1,2459685535704688600,572689903
50,269647081710747650,62782106,-2,2459685321967128100,572689320
301,269647081720610820,62782122,1,2459685486007015400,572690765
337,269647081731653630,62782124,0,2459685491083281400,572690174
-587,269647081712418820,62782066,1,2459685585073901100,572690528
297,269647081722150910,62782122,-1,2459685509158603300,572689877
-146,269647081717366780,62782094,0,2459685548366738400,572690315
-120,269647081713434620,62782096,-0,2459685509470105100,572690015
-1141,269647081676046340,62782032,1,2459685584999006700,572690459
431,269647081690169340,62782130,0,2459685625302492700,572690337
533,269647081707634690,62782136,0,2459685693205934600,572690456
-487,269647081691676670,62782073,0,2459685731983273500,572690356
-275,269647081682665470,62782086,-1,2459685528333551600,572689406
21,269647081683353600,62782104,-1,2459685443407668200,572689828
407,269647081696690180,62782129,-0,2459685435224099300,572690112
1192,269647081735749630,62782178,-1,2459685327067043800,572689714
414,269647081749315580,62782129,-1,2459685162315043800,572689465
68,269647081751543810,62782107,-1,2459685009684690400,572689475
114,269647081755279360,62782110,-0,2459684991898755100,572689973
505,269647081771827200,62782135,-0,2459684945576116700,572689856
-421,269647081758031870,62782077,-0,2459684895789524000,572689832
322,269647081768583170,62782123,1,2459684973612673500,572690325
-138,269647081764061180,62782094,-0,2459684910223020500,572689784
12,269647081764454400,62782104,-0,2459684871336715300,572689866
-666,269647081742630910,62782061,1,2459684986120982500,572690466
444,269647081757179900,62782131,1,2459685137746159600,572690638
-334,269647081746235390,62782082,1,2459685219222017000,572690396
103,269647081749610500,62782110,0,2459685250652494800,572690217
-67,269647081747415040,62782099,-0,2459685188864884700,572689855
-664,269647081725657090,62782062,-1,2459685088114679800,572689686
-289,269647081716187140,62782085,-1,2459684985676586500,572689656
-589,269647081696886780,62782066,-1,2459684909467777000,572689736
35,269647081698033660,62782105,1,2459685051961086000,572690584
-247,269647081689939970,62782088,1,2459685214526113300,572690697
271,269647081698820100,62782120,1,2459685369165953000,572690703
297,269647081708552190,62782122,-0,2459685359884699100,572690090
-632,269647081687842820,62782064,1,2459685432860032500,572690414
-386,269647081675194370,62782079,-1,2459685227659361300,572689330
379,269647081687613440,62782127,0,2459685268174661600,572690255
-870,269647081659105280,62782049,-1,2459685159133795800,572689672
-58,269647081657204740,62782099,1,2459685343851402800,572690809
-744,269647081632825340,62782057,-1,2459685263290986000,572689802
-332,269647081621946370,62782082,0,2459685331177771000,572690371
183,269647081627942910,62782115,0,2459685341729219600,572690160
-469,269647081612574720,62782074,0,2459685394128465400,572690328
-179,269647081606709250,62782092,1,2459685520432823800,572690633
-631,269647081586032640,62782064,0,2459685545737461800,572690263
-145,269647081581281280,62782094,-0,2459685507404867100,572690017
-165,269647081575874560,62782093,-1,2459685361657218600,572689582
-320,269647081565388800,62782083,-1,2459685235627580400,572689627
-28,269647081564471300,62782101,-1,2459685031752755200,572689289
704,269647081587539970,62782147,0,2459685085037567500,572690260
-398,269647081574498300,62782078,-1,2459685004336037400,572689742
172,269647081580134400,62782114,0,2459685060886152700,572690266
278,269647081589243900,62782120,1,2459685207673438700,572690636
718,269647081612771330,62782148,-1,2459685108813498400,572689698
-29,269647081611821060,62782101,-0,2459685100513341400,572690034
98,269647081615032320,62782109,-1,2459684916568903700,572689337
195,269647081621422080,62782115,1,2459685089707637800,572690707
-456,269647081606479870,62782075,-0,2459685056038026800,572689929
153,269647081611493380,62782113,-1,2459684982483934200,572689763
124,269647081615556610,62782111,-1,2459684884097059300,572689648
-204,269647081608871940,62782090,-1,2459684767208709100,572689552
