0,0.004,0,4.88759e-007,0,0.000000000000000
0,0.008,0,5.45458e-009,0,0.000000000000000
0,0.012,0,1.07796e-008,0,0.000000000000000
0,0.016,0,7.32476e-010,0,0.000000000000000
0,0.02,0,6.05748e-009,0,0.000000000000000
0,0.024,0,1.16373e-008,0,0.000000000000000
0,0.028,0,1.90879e-009,0,0.000000000000000
0,0.032,0,6.72409e-009,0,0.000000000000000
0,0.036,0,1.16031e-008,0,0.000000000000000
0,0.04,0,2.0657e-009,0,0.000000000000000
0,0.044,0,6.94472e-009,0,0.000000000000000
0,0.048,0,1.20786e-008,0,0.000000000000000
0,0.052,0,3.11458e-009,0,0.000000000000000
0,0.056,0,7.22905e-009,0,0.000000000000000
0,0.06,0,1.1025e-008,0,0.000000000000000
0,0.064,0,1.67869e-009,0,0.000000000000000
0,0.068,0,5.92058e-009,0,0.000000000000000
0,0.072,0,9.90763e-009,0,0.000000000000000
0,0.076,0,1.40858e-008,0,0.000000000000000
0,0.08,0,2.9556e-009,0,0.000000000000000
0,0.084,0,7.13378e-009,0,0.000000000000000
0,0.088,0,1.15668e-008,0,0.000000000000000
0,0.092,0,7.55164e-010,0,0.000000000000000
0,0.096,0,4.74221e-009,0,0.000000000000000
0,0.1,0,8.41069e-009,0,0.000000000000000
0,0.104,0,1.25252e-008,0,0.000000000000000
0,0.108,0,1.52237e-009,0,0.000000000000000
0,0.112,0,4.3626e-009,0,0.000000000000000
0,0.116,0,6.69312e-009,0,0.000000000000000
0,0.12,0,9.40592e-009,0,0.000000000000000
0,0.124,0,1.33293e-008,0,0.000000000000000
0,0.128,0,2.58132e-009,0,0.000000000000000
0,0.132,0,5.16669e-009,0,0.000000000000000
0,0.136,0,7.81577e-009,0,0.000000000000000
0,0.14,0,1.09108e-008,0,0.000000000000000
0,0.144,0,7.3632e-010,0,0.000000000000000
0,0.148,0,4.02253e-009,0,0.000000000000000
0,0.152,0,7.69101e-009,0,0.000000000000000
0,0.156,0,1.02127e-008,0,0.000000000000000
0,0.16,0,1.28618e-008,0,0.000000000000000
0,0.164,0,1.79526e-009,0,0.000000000000000
0,0.168,0,4.89033e-009,0,0.000000000000000
0,0.172,0,6.77487e-009,0,0.000000000000000
0,0.176,0,9.36024e-009,0,0.000000000000000
0,0.18,0,1.15633e-008,0,0.000000000000000
0,0.184,0,1.41487e-008,0,0.000000000000000
0,0.188,0,2.06283e-009,0,0.000000000000000
0,0.192,0,5.1579e-009,0,0.000000000000000
0,0.196,0,7.55214e-009,0,0.000000000000000
0,0.2,0,1.06472e-008,0,0.000000000000000
0,0.204,0,1.32963e-008,0,0.000000000000000
0,0.208,0,1.40154e-009,0,0.000000000000000
0,0.212,0,3.9232e-009,0,0.000000000000000
0,0.216,0,6.44486e-009,0,0.000000000000000
0,0.22,0,9.03024e-009,0,0.000000000000000
0,0.224,0,1.22527e-008,0,0.000000000000000
0,0.228,0,4.85405e-010,0,0.000000000000000
0,0.232,0,3.07078e-009,0,0.000000000000000
0,0.236,0,5.59244e-009,0,0.000000000000000
0,0.24,0,7.6044e-009,0,0.000000000000000
0,0.244,0,1.03809e-008,0,0.000000000000000
0,0.248,0,1.29663e-008,0,0.000000000000000
0,0.252,0,1.32638e-009,0,0.000000000000000
0,0.256,0,3.84804e-009,0,0.000000000000000
0,0.26,0,6.30599e-009,0,0.000000000000000
0,0.264,0,8.31795e-009,0,0.000000000000000
0,0.268,0,1.05211e-008,0,0.000000000000000
0,0.272,0,1.25967e-008,0,0.000000000000000
0,0.276,0,6.38264e-010,0,0.000000000000000
0,0.28,0,3.22364e-009,0,0.000000000000000
0,0.284,0,5.04446e-009,0,0.000000000000000
0,0.288,0,6.73786e-009,0,0.000000000000000
0,0.292,0,9.19581e-009,0,0.000000000000000
0,0.296,0,1.20997e-008,0,0.000000000000000
0,0.3,0,3.32419e-010,0,0.000000000000000
0,0.304,0,2.59923e-009,0,0.000000000000000
0,0.308,0,4.03778e-009,0,0.000000000000000
0,0.312,0,6.62316e-009,0,0.000000000000000
0,0.316,0,8.38027e-009,0,0.000000000000000
0,0.32,0,1.08382e-008,0,0.000000000000000
0,0.324,0,1.31687e-008,0,0.000000000000000
0,0.328,0,1.40141e-009,0,0.000000000000000
0,0.332,0,4.11421e-009,0,0.000000000000000
0,0.336,0,5.7439e-009,0,0.000000000000000
0,0.34,0,7.24617e-009,0,0.000000000000000
0,0.344,0,9.19442e-009,0,0.000000000000000
0,0.348,0,1.05693e-008,0,0.000000000000000
0,0.352,0,1.30272e-008,0,0.000000000000000
0,0.356,0,1.25988e-009,0,0.000000000000000
0,0.36,0,3.01699e-009,0,0.000000000000000
0,0.364,0,5.02895e-009,0,0.000000000000000
0,0.368,0,7.23205e-009,0,0.000000000000000
0,0.372,0,8.79803e-009,0,0.000000000000000
0,0.376,0,1.07463e-008,0,0.000000000000000
0,0.38,0,1.35228e-008,0,0.000000000000000
0,0.384,0,1.4369e-009,0,0.000000000000000
0,0.388,0,3.76742e-009,0,0.000000000000000
0,0.392,0,7.24477e-009,0,0.000000000000000
0,0.396,0,1.1423e-008,0,0.000000000000000
0,0.4,0,1.41995e-008,0,0.000000000000000
0,0.404,0,5.55402e-009,0,0.000000000000000
0,0.408,0,7.24742e-009,0,0.000000000000000
0,0.412,0,1.07248e-008,0,0.000000000000000
0,0.416,0,1.33739e-008,0,0.000000000000000
0,0.42,0,2.05251e-009,0,0.000000000000000
0,0.424,0,5.91213e-009,0,0.000000000000000
0,0.428,0,9.26205e-009,0,0.000000000000000
0,0.432,0,1.23571e-008,0,0.000000000000000
0,0.436,0,9.08356e-010,0,0.000000000000000
0,0.44,0,3.876e-009,0,0.000000000000000
0,0.444,0,7.22592e-009,0,0.000000000000000
0,0.448,0,9.68387e-009,0,0.000000000000000
0,0.452,0,1.29064e-008,0,0.000000000000000
0,0.456,0,3.17783e-009,0,0.000000000000000
0,0.46,0,7.54714e-009,0,0.000000000000000
0,0.464,0,1.00688e-008,0,0.000000000000000
0,0.468,0,1.30365e-008,0,0.000000000000000
0,0.472,0,1.33284e-009,0,0.000000000000000
0,0.476,0,4.23677e-009,0,0.000000000000000
0,0.48,0,6.94957e-009,0,0.000000000000000
0,0.484,0,1.07455e-008,0,0.000000000000000
0,0.488,0,1.32671e-008,0,0.000000000000000
0,0.492,0,1.24496e-009,0,0.000000000000000
0,0.496,0,3.57548e-009,0,0.000000000000000
0,0.5,0,5.77858e-009,0,0.000000000000000
0,0.504,0,8.55509e-009,0,0.000000000000000
0,0.508,0,1.22236e-008,0,0.000000000000000
0,0.512,0,9.65945e-010,0,0.000000000000000
0,0.516,0,3.9973e-009,0,0.000000000000000
0,0.52,0,7.28351e-009,0,0.000000000000000
0,0.524,0,1.01237e-008,0,0.000000000000000
0,0.528,0,1.33462e-008,0,0.000000000000000
0,0.532,0,2.0886e-009,0,0.000000000000000
0,0.536,0,4.73769e-009,0,0.000000000000000
0,0.54,0,8.27874e-009,0,0.000000000000000
0,0.544,0,1.14375e-008,0,0.000000000000000
0,0.548,0,1.39592e-008,0,0.000000000000000
0,0.552,0,2.57413e-009,0,0.000000000000000
0,0.556,0,5.15951e-009,0,0.000000000000000
0,0.56,0,7.80859e-009,0,0.000000000000000
0,0.564,0,1.15408e-008,0,0.000000000000000
0,0.568,0,1.3935e-008,0,0.000000000000000
0,0.572,0,2.67739e-009,0,0.000000000000000
0,0.576,0,5.83617e-009,0,0.000000000000000
0,0.58,0,8.86753e-009,0,0.000000000000000
0,0.584,0,1.1644e-008,0,0.000000000000000
0,0.588,0,4.50124e-010,0,0.000000000000000
0,0.592,0,3.16292e-009,0,0.000000000000000
0,0.596,0,5.62087e-009,0,0.000000000000000
0,0.6,0,8.14253e-009,0,0.000000000000000
0,0.604,0,1.07916e-008,0,0.000000000000000
0,0.608,0,1.31859e-008,0,0.000000000000000
0,0.612,0,1.48224e-009,0,0.000000000000000
0,0.616,0,3.87647e-009,0,0.000000000000000
0,0.62,0,7.54496e-009,0,0.000000000000000
0,0.624,0,1.0194e-008,0,0.000000000000000
0,0.628,0,1.36077e-008,0,0.000000000000000
0,0.632,0,1.96777e-009,0,0.000000000000000
0,0.636,0,4.80799e-009,0,0.000000000000000
0,0.64,0,7.39337e-009,0,0.000000000000000
0,0.644,0,9.66018e-009,0,0.000000000000000
0,0.648,0,1.2373e-008,0,0.000000000000000
0,0.652,0,3.508e-010,0,0.000000000000000
0,0.656,0,2.74504e-009,0,0.000000000000000
0,0.66,0,5.13927e-009,0,0.000000000000000
0,0.664,0,8.17063e-009,0,0.000000000000000
0,0.668,0,1.10109e-008,0,0.000000000000000
0,0.672,0,1.37874e-008,0,0.000000000000000
0,0.676,0,2.21117e-009,0,0.000000000000000
0,0.68,0,4.86026e-009,0,0.000000000000000
0,0.684,0,6.7448e-009,0,0.000000000000000
0,0.688,0,9.39388e-009,0,0.000000000000000
0,0.692,0,1.22978e-008,0,0.000000000000000
0,0.696,0,5.30489e-010,0,0.000000000000000
0,0.7,0,3.307e-009,0,0.000000000000000
0,0.704,0,5.70124e-009,0,0.000000000000000
0,0.708,0,8.15918e-009,0,0.000000000000000
0,0.712,0,1.06808e-008,0,0.000000000000000
0,0.716,0,1.34574e-008,0,0.000000000000000
0,0.72,0,1.5626e-009,0,0.000000000000000
0,0.724,0,4.59396e-009,0,0.000000000000000
0,0.728,0,6.60592e-009,0,0.000000000000000
0,0.732,0,8.80902e-009,0,0.000000000000000
0,0.736,0,1.12033e-008,0,0.000000000000000
0,0.74,0,1.28967e-008,0,0.000000000000000
0,0.744,0,1.06562e-009,0,0.000000000000000
0,0.748,0,3.33243e-009,0,0.000000000000000
0,0.752,0,5.85409e-009,0,0.000000000000000
0,0.756,0,8.88545e-009,0,0.000000000000000
0,0.76,0,1.12797e-008,0,0.000000000000000
0,0.764,0,1.37376e-008,0,0.000000000000000
0,0.768,0,2.22516e-009,0,0.000000000000000
0,0.772,0,4.68311e-009,0,0.000000000000000
0,0.776,0,7.20477e-009,0,0.000000000000000
0,0.78,0,9.34416e-009,0,0.000000000000000
0,0.784,0,1.21207e-008,0,0.000000000000000
0,0.788,0,9.84894e-011,0,0.000000000000000
0,0.792,0,2.55644e-009,0,0.000000000000000
0,0.796,0,4.95067e-009,0,0.000000000000000
0,0.8,0,7.66347e-009,0,0.000000000000000
0,0.804,0,1.06948e-008,0,0.000000000000000
0,0.808,0,1.32802e-008,0,0.000000000000000
0,0.812,0,1.44916e-009,0,0.000000000000000
0,0.816,0,3.97083e-009,0,0.000000000000000
0,0.82,0,6.5562e-009,0,0.000000000000000
0,0.824,0,9.14157e-009,0,0.000000000000000
0,0.828,0,1.16632e-008,0,0.000000000000000
0,0.832,0,1.40575e-008,0,0.000000000000000
0,0.836,0,1.90787e-009,0,0.000000000000000
0,0.84,0,4.36582e-009,0,0.000000000000000
0,0.844,0,6.95119e-009,0,0.000000000000000
0,0.848,0,9.40914e-009,0,0.000000000000000
0,0.852,0,1.19945e-008,0,0.000000000000000
0,0.856,0,9.97608e-011,0,0.000000000000000
0,0.86,0,2.55771e-009,0,0.000000000000000
0,0.864,0,4.76081e-009,0,0.000000000000000
0,0.868,0,7.15505e-009,0,0.000000000000000
0,0.872,0,9.61299e-009,0,0.000000000000000
0,0.876,0,1.25169e-008,0,0.000000000000000
0,0.88,0,7.49601e-010,0,0.000000000000000
0,0.884,0,3.33497e-009,0,0.000000000000000
0,0.888,0,5.92035e-009,0,0.000000000000000
0,0.892,0,8.56943e-009,0,0.000000000000000
0,0.896,0,1.11548e-008,0,0.000000000000000
0,0.9,0,1.3549e-008,0,0.000000000000000
0,0.904,0,8.26033e-010,0,0.000000000000000
0,0.908,0,3.09285e-009,0,0.000000000000000
0,0.912,0,5.61451e-009,0,0.000000000000000
0,0.916,0,7.75389e-009,0,0.000000000000000
0,0.92,0,1.03393e-008,0,0.000000000000000
0,0.924,0,1.27972e-008,0,0.000000000000000
0,0.928,0,9.66175e-010,0,0.000000000000000
0,0.932,0,3.42412e-009,0,0.000000000000000
0,0.936,0,5.56351e-009,0,0.000000000000000
0,0.94,0,8.14888e-009,0,0.000000000000000
0,0.944,0,1.0798e-008,0,0.000000000000000
0,0.948,0,1.33833e-008,0,0.000000000000000
0,0.952,0,1.36117e-009,0,0.000000000000000
0,0.956,0,3.88283e-009,0,0.000000000000000
0,0.96,0,6.72305e-009,0,0.000000000000000
0,0.964,0,9.30842e-009,0,0.000000000000000
0,0.968,0,1.18938e-008,0,0.000000000000000
0,0.972,0,1.26468e-010,0,0.000000000000000
0,0.976,0,2.77555e-009,0,0.000000000000000
0,0.98,0,5.42464e-009,0,0.000000000000000
0,0.984,0,7.9463e-009,0,0.000000000000000
0,0.988,0,1.02131e-008,0,0.000000000000000
0,0.992,0,1.27348e-008,0,0.000000000000000
0,0.996,0,9.67445e-010,0,0.000000000000000
0,1,0,3.10683e-009,0,0.000000000000000
0,1,0,5.56478e-009,0,0.000000000000000
0,1,0,8.08644e-009,0,0.000000000000000
0,1,0,1.0417e-008,0,0.000000000000000
0,1,0,1.31935e-008,0,0.000000000000000
0,1,0,1.48986e-009,0,0.000000000000000
0,1,0,4.01152e-009,0,0.000000000000000
0,1,0,6.97917e-009,0,0.000000000000000
0,1,0,9.50083e-009,0,0.000000000000000
0,1,0,1.20225e-008,0,0.000000000000000
0,1,0,1.40345e-008,0,0.000000000000000
0,1,0,2.20341e-009,0,0.000000000000000
0,1,0,4.97992e-009,0,0.000000000000000
0,1,0,7.5653e-009,0,0.000000000000000
0,1,0,1.01507e-008,0,0.000000000000000
0,1,0,1.26086e-008,0,0.000000000000000
0,1,0,8.4129e-010,0,0.000000000000000
0,1,0,3.23553e-009,0,0.000000000000000
0,1,0,5.8209e-009,0,0.000000000000000
0,1,0,8.46999e-009,0,0.000000000000000
0,1,0,1.11191e-008,0,0.000000000000000
0,1,0,1.38319e-008,0,0.000000000000000
0,1,0,2.00083e-009,0,0.000000000000000
0,1,0,4.5862e-009,0,0.000000000000000
0,1,0,6.66188e-009,0,0.000000000000000
0,1,0,9.43839e-009,0,0.000000000000000
0,1,0,1.17052e-008,0,0.000000000000000
0,1,0,1.41631e-008,0,0.000000000000000
0,1,0,2.65067e-009,0,0.000000000000000
0,1,0,5.23604e-009,0,0.000000000000000
0,1,0,7.69399e-009,0,0.000000000000000
0,1,0,1.04705e-008,0,0.000000000000000
0,1,0,1.29922e-008,0,0.000000000000000
0,1,0,1.73453e-009,0,0.000000000000000
0,1,0,4.51104e-009,0,0.000000000000000
0,1,0,7.28755e-009,0,0.000000000000000
0,1,0,9.7455e-009,0,0.000000000000000
0,1,0,1.26494e-008,0,0.000000000000000
0,1,0,1.20066e-009,0,0.000000000000000
0,1,0,3.53119e-009,0,0.000000000000000
0,1,0,6.18027e-009,0,0.000000000000000
0,1,0,8.82936e-009,0,0.000000000000000
0,1,0,1.14147e-008,0,0.000000000000000
0,1,0,1.39364e-008,0,0.000000000000000
0,1,0,2.29649e-009,0,0.000000000000000
0,1,0,5.64641e-009,0,0.000000000000000
0,1,0,8.35921e-009,0,0.000000000000000
0,1,0,1.08809e-008,0,0.000000000000000
0,1,0,1.34662e-008,0,0.000000000000000
0,1,0,1.6352e-009,0,0.000000000000000
0,1,0,4.09315e-009,0,0.000000000000000
0,1,0,6.61481e-009,0,0.000000000000000
0,1,0,9.20019e-009,0,0.000000000000000
0,1,0,1.14033e-008,0,0.000000000000000
0,1,0,1.41798e-008,0,0.000000000000000
0,1,0,2.22133e-009,0,0.000000000000000
0,1,0,4.67928e-009,0,0.000000000000000
0,1,0,6.94609e-009,0,0.000000000000000
0,1,0,9.46775e-009,0,0.000000000000000
0,1,0,1.20531e-008,0,0.000000000000000
0,1,0,3.09496e-011,0,0.000000000000000
0,1,0,2.4889e-009,0,0.000000000000000
0,1,0,5.01056e-009,0,0.000000000000000
0,1,0,7.53222e-009,0,0.000000000000000
0,1,0,9.99017e-009,0,0.000000000000000
0,1,0,1.26393e-008,0,0.000000000000000
0,1,0,9.35638e-010,0,0.000000000000000
0,1,0,3.71215e-009,0,0.000000000000000
0,1,0,6.10639e-009,0,0.000000000000000
0,1,0,8.8829e-009,0,0.000000000000000
0,1,0,1.1086e-008,0,0.000000000000000
0,1,0,1.36077e-008,0,0.000000000000000
0,1,0,1.90404e-009,0,0.000000000000000
0,1,0,4.80797e-009,0,0.000000000000000
0,1,0,7.52077e-009,0,0.000000000000000
0,1,0,1.05521e-008,0,0.000000000000000
0,1,0,1.28189e-008,0,0.000000000000000
0,1,0,7.33055e-010,0,0.000000000000000
0,1,0,3.31843e-009,0,0.000000000000000
0,1,0,5.64895e-009,0,0.000000000000000
0,1,0,8.1069e-009,0,0.000000000000000
0,1,0,1.05011e-008,0,0.000000000000000
0,1,0,1.34051e-008,0,0.000000000000000
0,1,0,1.25547e-009,0,0.000000000000000
0,1,0,3.96827e-009,0,0.000000000000000
0,1,0,6.48993e-009,0,0.000000000000000
0,1,0,8.82045e-009,0,0.000000000000000
0,1,0,1.13421e-008,0,0.000000000000000
0,1,0,1.40549e-008,0,0.000000000000000
0,1,0,2.41501e-009,0,0.000000000000000
0,1,0,4.93667e-009,0,0.000000000000000
0,1,0,7.33091e-009,0,0.000000000000000
0,1,0,1.01074e-008,0,0.000000000000000
0,1,0,1.28839e-008,0,0.000000000000000
0,1,0,1.05289e-009,0,0.000000000000000
0,1,0,3.51084e-009,0,0.000000000000000
0,1,0,6.0325e-009,0,0.000000000000000
0,1,0,8.55416e-009,0,0.000000000000000
0,1,0,1.07573e-008,0,0.000000000000000
0,1,0,1.30241e-008,0,0.000000000000000
0,1,0,1.32045e-009,0,0.000000000000000
0,1,0,3.7784e-009,0,0.000000000000000
0,1,0,6.30006e-009,0,0.000000000000000
0,1,0,8.75801e-009,0,0.000000000000000
0,1,0,1.10248e-008,0,0.000000000000000
0,1,0,1.35465e-008,0,0.000000000000000
0,1,0,1.84287e-009,0,0.000000000000000
0,1,0,4.36453e-009,0,0.000000000000000
0,1,0,7.01361e-009,0,0.000000000000000
0,1,0,9.6627e-009,0,0.000000000000000
0,1,0,1.21206e-008,0,0.000000000000000
0,1,0,4.17032e-010,0,0.000000000000000
0,1,0,3.00241e-009,0,0.000000000000000
0,1,0,5.58778e-009,0,0.000000000000000
0,1,0,8.428e-009,0,0.000000000000000
0,1,0,1.10134e-008,0,0.000000000000000
0,1,0,1.35987e-008,0,0.000000000000000
0,1,0,1.89513e-009,0,0.000000000000000
0,1,0,4.54422e-009,0,0.000000000000000
0,1,0,7.1933e-009,0,0.000000000000000
0,1,0,9.9061e-009,0,0.000000000000000
0,1,0,1.27463e-008,0,0.000000000000000
0,1,0,3.41875e-010,0,0.000000000000000
0,1,0,2.6724e-009,0,0.000000000000000
0,1,0,5.06664e-009,0,0.000000000000000
0,1,0,7.65201e-009,0,0.000000000000000
0,1,0,9.91882e-009,0,0.000000000000000
0,1,0,1.21219e-008,0,0.000000000000000
0,1,0,6.0944e-010,0,0.000000000000000
0,1,0,3.1311e-009,0,0.000000000000000
0,1,0,5.65276e-009,0,0.000000000000000
0,1,0,8.17442e-009,0,0.000000000000000
0,1,0,1.06324e-008,0,0.000000000000000
0,1,0,1.3154e-008,0,0.000000000000000
0,1,0,1.51413e-009,0,0.000000000000000
0,1,0,4.67291e-009,0,0.000000000000000
0,1,0,7.38571e-009,0,0.000000000000000
0,1,0,1.02259e-008,0,0.000000000000000
0,1,0,1.26202e-008,0,0.000000000000000
0,1,0,9.16553e-010,0,0.000000000000000
0,1,0,3.8842e-009,0,0.000000000000000
0,1,0,6.34215e-009,0,0.000000000000000
0,1,0,8.99123e-009,0,0.000000000000000
0,1,0,1.15766e-008,0,0.000000000000000
0,1,0,1.40983e-008,0,0.000000000000000
0,1,0,2.1398e-009,0,0.000000000000000
0,1,0,4.3429e-009,0,0.000000000000000
0,1,0,7.0557e-009,0,0.000000000000000
0,1,0,9.83221e-009,0,0.000000000000000
0,1,0,1.22264e-008,0,0.000000000000000
0,1,0,2.67984e-010,0,0.000000000000000
0,1,0,2.66222e-009,0,0.000000000000000
0,1,0,5.24759e-009,0,0.000000000000000
0,1,0,7.83297e-009,0,0.000000000000000
0,1,0,1.04821e-008,0,0.000000000000000
0,1,0,1.31311e-008,0,0.000000000000000
0,1,0,1.36381e-009,0,0.000000000000000
0,1,0,3.94918e-009,0,0.000000000000000
0,1,0,6.72569e-009,0,0.000000000000000
0,1,0,9.18364e-009,0,0.000000000000000
0,1,0,1.17053e-008,0,0.000000000000000
0,1,0,1.29111e-010,0,0.000000000000000
0,1,0,2.7782e-009,0,0.000000000000000
0,1,0,5.17243e-009,0,0.000000000000000
0,1,0,7.69409e-009,0,0.000000000000000
0,1,0,1.00246e-008,0,0.000000000000000
0,1,0,1.25463e-008,0,0.000000000000000
0,1,0,7.15239e-010,0,0.000000000000000
0,1,0,3.2369e-009,0,0.000000000000000
0,1,0,5.56742e-009,0,0.000000000000000
0,1,0,8.08908e-009,0,0.000000000000000
0,1,0,1.08656e-008,0,0.000000000000000
0,1,0,1.31324e-008,0,0.000000000000000
0,1,0,1.4925e-009,0,0.000000000000000
0,1,0,3.75931e-009,0,0.000000000000000
0,1,0,6.28098e-009,0,0.000000000000000
0,1,0,8.93006e-009,0,0.000000000000000
0,1,0,1.16429e-008,0,0.000000000000000
0,1,0,2.95488e-012,0,0.000000000000000
0,1,0,2.4609e-009,0,0.000000000000000
0,1,0,5.10999e-009,0,0.000000000000000
0,1,0,7.56794e-009,0,0.000000000000000
0,1,0,1.00259e-008,0,0.000000000000000
0,1,0,1.2229e-008,0,0.000000000000000
0,1,0,7.80218e-010,0,0.000000000000000
0,1,0,3.30188e-009,0,0.000000000000000
0,1,0,5.88725e-009,0,0.000000000000000
0,1,0,8.28149e-009,0,0.000000000000000
0,1,0,1.14403e-008,0,0.000000000000000
0,1,0,1.39619e-008,0,0.000000000000000
0,1,0,2.00347e-009,0,0.000000000000000
0,1,0,4.20657e-009,0,0.000000000000000
0,1,0,6.72823e-009,0,0.000000000000000
0,1,0,9.05875e-009,0,0.000000000000000
0,1,0,1.16441e-008,0,0.000000000000000
0,1,0,1.38472e-008,0,0.000000000000000
0,1,0,1.95247e-009,0,0.000000000000000
0,1,0,4.283e-009,0,0.000000000000000
0,1,0,6.80466e-009,0,0.000000000000000
0,1,0,9.70859e-009,0,0.000000000000000
0,1,0,1.22303e-008,0,0.000000000000000
0,1,0,2.71791e-010,0,0.000000000000000
0,1,0,2.85716e-009,0,0.000000000000000
0,1,0,5.44254e-009,0,0.000000000000000
0,1,0,8.21905e-009,0,0.000000000000000
0,1,0,1.14415e-008,0,0.000000000000000
0,1,0,1.37721e-008,0,0.000000000000000
0,1,0,2.00474e-009,0,0.000000000000000
0,1,0,5.09981e-009,0,0.000000000000000
0,1,0,7.62147e-009,0,0.000000000000000
0,1,0,1.01431e-008,0,0.000000000000000
0,1,0,1.26011e-008,0,0.000000000000000
0,1,0,5.78906e-010,0,0.000000000000000
0,1,0,3.10057e-009,0,0.000000000000000
0,1,0,5.94079e-009,0,0.000000000000000
0,1,0,8.33503e-009,0,0.000000000000000
0,1,0,1.08567e-008,0,0.000000000000000
0,1,0,1.38243e-008,0,0.000000000000000
0,1,0,2.12072e-009,0,0.000000000000000
0,1,0,4.83352e-009,0,0.000000000000000
0,1,0,7.41889e-009,0,0.000000000000000
0,1,0,9.74941e-009,0,0.000000000000000
0,1,0,1.22074e-008,0,0.000000000000000
0,1,0,7.58594e-010,0,0.000000000000000
0,1,0,3.28025e-009,0,0.000000000000000
0,1,0,5.7382e-009,0,0.000000000000000
0,1,0,8.06873e-009,0,0.000000000000000
0,1,0,1.0463e-008,0,0.000000000000000
0,1,0,1.30483e-008,0,0.000000000000000
0,1,0,1.28101e-009,0,0.000000000000000
0,1,0,3.93009e-009,0,0.000000000000000
0,1,0,6.51547e-009,0,0.000000000000000
0,1,0,8.71857e-009,0,0.000000000000000
0,1,0,1.20048e-008,0,0.000000000000000
0,1,0,2.37448e-010,0,0.000000000000000
0,1,0,2.50426e-009,0,0.000000000000000
0,1,0,5.02592e-009,0,0.000000000000000
0,1,0,7.54758e-009,0,0.000000000000000
0,1,0,1.03241e-008,0,0.000000000000000
0,1,0,1.29732e-008,0,0.000000000000000
0,1,0,9.51001e-010,0,0.000000000000000
0,1,0,3.60009e-009,0,0.000000000000000
0,1,0,5.99432e-009,0,0.000000000000000
0,1,0,8.64341e-009,0,0.000000000000000
0,1,0,1.06554e-008,0,0.000000000000000
0,1,0,1.34319e-008,0,0.000000000000000
0,1,0,1.60084e-009,0,0.000000000000000
0,1,0,3.80394e-009,0,0.000000000000000
0,1,0,6.3256e-009,0,0.000000000000000
0,1,0,8.78355e-009,0,0.000000000000000
0,1,0,1.16875e-008,0,0.000000000000000
0,1,0,1.11293e-010,0,0.000000000000000
0,1,0,2.50553e-009,0,0.000000000000000
0,1,0,4.89977e-009,0,0.000000000000000
0,1,0,7.54885e-009,0,0.000000000000000
0,1,0,1.01342e-008,0,0.000000000000000
0,1,0,1.27833e-008,0,0.000000000000000
0,1,0,1.46197e-009,0,0.000000000000000
0,1,0,4.04734e-009,0,0.000000000000000
0,1,0,6.88756e-009,0,0.000000000000000
0,1,0,9.34551e-009,0,0.000000000000000
0,1,0,1.19309e-008,0,0.000000000000000
0,1,0,9.98438e-011,0,0.000000000000000
0,1,0,2.6215e-009,0,0.000000000000000
0,1,0,5.14317e-009,0,0.000000000000000
0,1,0,7.47369e-009,0,0.000000000000000
0,1,0,9.86793e-009,0,0.000000000000000
0,1,0,1.25807e-008,0,0.000000000000000
0,1,0,8.13396e-010,0,0.000000000000000
0,1,0,3.20763e-009,0,0.000000000000000
0,1,0,5.98414e-009,0,0.000000000000000
0,1,0,8.25095e-009,0,0.000000000000000
0,1,0,1.05178e-008,0,0.000000000000000
0,1,0,1.3358e-008,0,0.000000000000000
0,1,0,1.59066e-009,0,0.000000000000000
0,1,0,4.04861e-009,0,0.000000000000000
0,1,0,6.63398e-009,0,0.000000000000000
0,1,0,9.34678e-009,0,0.000000000000000
0,1,0,1.18684e-008,0,0.000000000000000
0,1,0,3.74011e-011,0,0.000000000000000
0,1,0,2.7502e-009,0,0.000000000000000
0,1,0,5.39928e-009,0,0.000000000000000
0,1,0,8.11208e-009,0,0.000000000000000
0,1,0,1.057e-008,0,0.000000000000000
0,1,0,1.34103e-008,0,0.000000000000000
0,1,0,1.38808e-009,0,0.000000000000000
0,1,0,4.10088e-009,0,0.000000000000000
0,1,0,6.62254e-009,0,0.000000000000000
0,1,0,9.08048e-009,0,0.000000000000000
0,1,0,1.1411e-008,0,0.000000000000000
0,1,0,1.36778e-008,0,0.000000000000000
0,1,0,1.9742e-009,0,0.000000000000000
0,1,0,3.85874e-009,0,0.000000000000000
0,1,0,6.3804e-009,0,0.000000000000000
0,1,0,8.83835e-009,0,0.000000000000000
0,1,0,1.19971e-008,0,0.000000000000000
0,1,0,5.48368e-010,0,0.000000000000000
0,1,0,3.19745e-009,0,0.000000000000000
0,1,0,5.40055e-009,0,0.000000000000000
0,1,0,7.8585e-009,0,0.000000000000000
0,1,0,1.05076e-008,0,0.000000000000000
0,1,0,1.28381e-008,0,0.000000000000000
0,1,0,1.07078e-009,0,0.000000000000000
0,1,0,3.71987e-009,0,0.000000000000000
0,1,0,5.79554e-009,0,0.000000000000000
0,1,0,8.18978e-009,0,0.000000000000000
0,1,0,1.07752e-008,0,0.000000000000000
0,1,0,1.33605e-008,0,0.000000000000000
0,1,0,1.52949e-009,0,0.000000000000000
0,1,0,3.92372e-009,0,0.000000000000000
0,1,0,6.57281e-009,0,0.000000000000000
0,1,0,9.15818e-009,0,0.000000000000000
0,1,0,1.1871e-008,0,0.000000000000000
0,1,0,1.03652e-010,0,0.000000000000000
0,1,0,2.5616e-009,0,0.000000000000000
0,1,0,5.33811e-009,0,0.000000000000000
0,1,0,8.17833e-009,0,0.000000000000000
0,1,0,1.09548e-008,0,0.000000000000000
0,1,0,1.30942e-008,0,0.000000000000000
0,1,0,1.39061e-009,0,0.000000000000000
0,1,0,3.91228e-009,0,0.000000000000000
0,1,0,6.68879e-009,0,0.000000000000000
0,1,0,9.33787e-009,0,0.000000000000000
0,1,0,1.1541e-008,0,0.000000000000000
0,1,0,1.42538e-008,0,0.000000000000000
0,1,0,2.805e-009,0,0.000000000000000
0,1,0,5.39037e-009,0,0.000000000000000
0,1,0,7.91204e-009,0,0.000000000000000
0,1,0,1.04974e-008,0,0.000000000000000
0,1,0,1.37199e-008,0,0.000000000000000
0,1,0,2.08e-009,0,0.000000000000000
0,1,0,4.66537e-009,0,0.000000000000000
0,1,0,7.18703e-009,0,0.000000000000000
0,1,0,9.96354e-009,0,0.000000000000000
0,1,0,1.28038e-008,0,0.000000000000000
0,1,0,1.16386e-009,0,0.000000000000000
0,1,0,3.30325e-009,0,0.000000000000000
0,1,0,5.88862e-009,0,0.000000000000000
0,1,0,8.34657e-009,0,0.000000000000000
0,1,0,1.06771e-008,0,0.000000000000000
0,1,0,1.3135e-008,0,0.000000000000000
0,1,0,1.04916e-009,0,0.000000000000000
0,1,0,3.63453e-009,0,0.000000000000000
0,1,0,5.90134e-009,0,0.000000000000000
0,1,0,8.61414e-009,0,0.000000000000000
0,1,0,1.11358e-008,0,0.000000000000000
0,1,0,1.36575e-008,0,0.000000000000000
0,1,0,1.89013e-009,0,0.000000000000000
0,1,0,4.22066e-009,0,0.000000000000000
0,1,0,6.67861e-009,0,0.000000000000000
0,1,0,9.83739e-009,0,0.000000000000000
0,1,0,1.20405e-008,0,0.000000000000000
0,1,0,1.83133e-011,0,0.000000000000000
0,1,0,2.47626e-009,0,0.000000000000000
0,1,0,5.31648e-009,0,0.000000000000000
0,1,0,7.64701e-009,0,0.000000000000000
0,1,0,1.01687e-008,0,0.000000000000000
0,1,0,1.22443e-008,0,0.000000000000000
0,1,0,2.8588e-010,0,0.000000000000000
0,1,0,2.68012e-009,0,0.000000000000000
0,1,0,5.20178e-009,0,0.000000000000000
0,1,0,7.59601e-009,0,0.000000000000000
0,1,0,9.92654e-009,0,0.000000000000000
0,1,0,1.25756e-008,0,0.000000000000000
0,1,0,6.80871e-010,0,0.000000000000000
0,1,0,3.26624e-009,0,0.000000000000000
0,1,0,5.78791e-009,0,0.000000000000000
0,1,0,8.37328e-009,0,0.000000000000000
0,1,0,1.07675e-008,0,0.000000000000000
0,1,0,1.34803e-008,0,0.000000000000000
0,1,0,1.71298e-009,0,0.000000000000000
0,1,0,4.36207e-009,0,0.000000000000000
0,1,0,6.56517e-009,0,0.000000000000000
0,1,0,9.21426e-009,0,0.000000000000000
0,1,0,1.18633e-008,0,0.000000000000000
0,1,0,6.69422e-010,0,0.000000000000000
0,1,0,2.93623e-009,0,0.000000000000000
0,1,0,5.58532e-009,0,0.000000000000000
0,1,0,7.72471e-009,0,0.000000000000000
0,1,0,1.00552e-008,0,0.000000000000000
0,1,0,1.2322e-008,0,0.000000000000000
0,1,0,5.54714e-010,0,0.000000000000000
0,1,0,3.14009e-009,0,0.000000000000000
0,1,0,5.85289e-009,0,0.000000000000000
0,1,0,8.50197e-009,0,0.000000000000000
0,1,0,1.12785e-008,0,0.000000000000000
0,1,0,1.35453e-008,0,0.000000000000000
0,1,0,1.90539e-009,0,0.000000000000000
0,1,0,3.78993e-009,0,0.000000000000000
0,1,0,6.3753e-009,0,0.000000000000000
0,1,0,8.83325e-009,0,0.000000000000000
0,1,0,1.12912e-008,0,0.000000000000000
0,1,0,1.4004e-008,0,0.000000000000000
0,1,0,2.4278e-009,0,0.000000000000000
0,1,0,5.39545e-009,0,0.000000000000000
0,1,0,8.29939e-009,0,0.000000000000000
0,1,0,1.07573e-008,0,0.000000000000000
0,1,0,1.34701e-008,0,0.000000000000000
0,1,0,1.63909e-009,0,0.000000000000000
0,1,0,3.84219e-009,0,0.000000000000000
0,1,0,6.23643e-009,0,0.000000000000000
0,1,0,8.43953e-009,0,0.000000000000000
0,1,0,1.10886e-008,0,0.000000000000000
0,1,0,1.35466e-008,0,0.000000000000000
0,1,0,2.03408e-009,0,0.000000000000000
0,1,0,4.8743e-009,0,0.000000000000000
0,1,0,7.33225e-009,0,0.000000000000000
0,1,0,9.91763e-009,0,0.000000000000000
0,1,0,1.23119e-008,0,0.000000000000000
0,1,0,7.3567e-010,0,0.000000000000000
0,1,0,3.19362e-009,0,0.000000000000000
0,1,0,5.52414e-009,0,0.000000000000000
0,1,0,7.98209e-009,0,0.000000000000000
0,1,0,1.05675e-008,0,0.000000000000000
0,1,0,1.29617e-008,0,0.000000000000000
0,1,0,1.13066e-009,0,0.000000000000000
0,1,0,4.09831e-009,0,0.000000000000000
0,1,0,6.36512e-009,0,0.000000000000000
0,1,0,8.69564e-009,0,0.000000000000000
0,1,0,1.08987e-008,0,0.000000000000000
0,1,0,1.31656e-008,0,0.000000000000000
0,1,0,1.46194e-009,0,0.000000000000000
0,1,0,3.66504e-009,0,0.000000000000000
0,1,0,6.44155e-009,0,0.000000000000000
0,1,0,9.15435e-009,0,0.000000000000000
0,1,0,1.15486e-008,0,0.000000000000000
0,1,0,1.40702e-008,0,0.000000000000000
0,1,0,2.30292e-009,0,0.000000000000000
0,1,0,4.63344e-009,0,0.000000000000000
0,1,0,6.77283e-009,0,0.000000000000000
0,1,0,9.3582e-009,0,0.000000000000000
0,1,0,1.20073e-008,0,0.000000000000000
0,1,0,7.49654e-010,0,0.000000000000000
0,1,0,3.65359e-009,0,0.000000000000000
0,1,0,6.4301e-009,0,0.000000000000000
0,1,0,9.52517e-009,0,0.000000000000000
0,1,0,1.21105e-008,0,0.000000000000000
0,1,0,7.89201e-010,0,0.000000000000000
0,1,0,3.24715e-009,0,0.000000000000000
0,1,0,6.02366e-009,0,0.000000000000000
0,1,0,9.05502e-009,0,0.000000000000000
0,1,0,1.16404e-008,0,0.000000000000000
0,1,0,4.87966e-013,0,0.000000000000000
0,1,0,3.03185e-009,0,0.000000000000000
0,1,0,5.74465e-009,0,0.000000000000000
0,1,0,8.33002e-009,0,0.000000000000000
0,1,0,1.09154e-008,0,0.000000000000000
0,1,0,1.35008e-008,0,0.000000000000000
0,1,0,1.86086e-009,0,0.000000000000000
0,1,0,4.06396e-009,0,0.000000000000000
0,1,0,6.52191e-009,0,0.000000000000000
0,1,0,8.85243e-009,0,0.000000000000000
0,1,0,1.15015e-008,0,0.000000000000000
0,1,0,1.40232e-008,0,0.000000000000000
0,1,0,2.06472e-009,0,0.000000000000000
0,1,0,4.84123e-009,0,0.000000000000000
0,1,0,7.4266e-009,0,0.000000000000000
0,1,0,1.08402e-008,0,0.000000000000000
0,1,0,1.32982e-008,0,0.000000000000000
0,1,0,1.72199e-009,0,0.000000000000000
0,1,0,3.9888e-009,0,0.000000000000000
0,1,0,6.38304e-009,0,0.000000000000000
0,1,0,8.96841e-009,0,0.000000000000000
0,1,0,1.17449e-008,0,0.000000000000000
0,1,0,4.23577e-010,0,0.000000000000000
0,1,0,2.7541e-009,0,0.000000000000000
0,1,0,5.40319e-009,0,0.000000000000000
0,1,0,7.92485e-009,0,0.000000000000000
0,1,0,1.03828e-008,0,0.000000000000000
0,1,0,1.29682e-008,0,0.000000000000000
0,1,0,1.07342e-009,0,0.000000000000000
0,1,0,4.42334e-009,0,0.000000000000000
0,1,0,7.51841e-009,0,0.000000000000000
0,1,0,1.01675e-008,0,0.000000000000000
0,1,0,1.26254e-008,0,0.000000000000000
0,1,0,7.30692e-010,0,0.000000000000000
0,1,0,2.93379e-009,0,0.000000000000000
0,1,0,5.45545e-009,0,0.000000000000000
0,1,0,7.9134e-009,0,0.000000000000000
0,1,0,1.02439e-008,0,0.000000000000000
0,1,0,1.30204e-008,0,0.000000000000000
0,1,0,1.18939e-009,0,0.000000000000000
0,1,0,3.71106e-009,0,0.000000000000000
0,1,0,6.29643e-009,0,0.000000000000000
0,1,0,8.05354e-009,0,0.000000000000000
0,1,0,1.06389e-008,0,0.000000000000000
0,1,0,1.29694e-008,0,0.000000000000000
0,1,0,1.6481e-009,0,0.000000000000000
0,1,0,4.16976e-009,0,0.000000000000000
0,1,0,6.62771e-009,0,0.000000000000000
0,1,0,9.08565e-009,0,0.000000000000000
0,1,0,1.1671e-008,0,0.000000000000000
0,1,0,1.58548e-010,0,0.000000000000000
0,1,0,2.93506e-009,0,0.000000000000000
0,1,0,5.39301e-009,0,0.000000000000000
0,1,0,7.78724e-009,0,0.000000000000000
0,1,0,1.01815e-008,0,0.000000000000000
0,1,0,1.23209e-008,0,0.000000000000000
0,1,0,9.35811e-010,0,0.000000000000000
0,1,0,3.39376e-009,0,0.000000000000000
0,1,0,5.91542e-009,0,0.000000000000000
0,1,0,8.43708e-009,0,0.000000000000000
0,1,0,1.10862e-008,0,0.000000000000000
0,1,0,1.37353e-008,0,0.000000000000000
0,1,0,2.03164e-009,0,0.000000000000000
0,1,0,4.5533e-009,0,0.000000000000000
0,1,0,7.01125e-009,0,0.000000000000000
0,1,0,9.66033e-009,0,0.000000000000000
0,1,0,1.25006e-008,0,0.000000000000000
0,1,0,8.6065e-010,0,0.000000000000000
0,1,0,3.3186e-009,0,0.000000000000000
0,1,0,5.71284e-009,0,0.000000000000000
0,1,0,8.29821e-009,0,0.000000000000000
0,1,0,1.08836e-008,0,0.000000000000000
0,1,0,1.36601e-008,0,0.000000000000000
0,1,0,1.95648e-009,0,0.000000000000000
0,1,0,4.60556e-009,0,0.000000000000000
0,1,0,6.93609e-009,0,0.000000000000000
0,1,0,9.7126e-009,0,0.000000000000000
0,1,0,1.19794e-008,0,0.000000000000000
0,1,0,2.75792e-010,0,0.000000000000000
0,1,0,3.37086e-009,0,0.000000000000000
0,1,0,6.08366e-009,0,0.000000000000000
0,1,0,7.9682e-009,0,0.000000000000000
0,1,0,1.02987e-008,0,0.000000000000000
0,1,0,1.31389e-008,0,0.000000000000000
0,1,0,1.24419e-009,0,0.000000000000000
0,1,0,3.76585e-009,0,0.000000000000000
0,1,0,6.60608e-009,0,0.000000000000000
0,1,0,9.25516e-009,0,0.000000000000000
0,1,0,1.1968e-008,0,0.000000000000000
0,1,0,5.82905e-010,0,0.000000000000000
0,1,0,3.10457e-009,0,0.000000000000000
0,1,0,5.62623e-009,0,0.000000000000000
0,1,0,9.29471e-009,0,0.000000000000000
0,1,0,1.17527e-008,0,0.000000000000000
0,1,0,1.12754e-010,0,0.000000000000000
0,1,0,2.88926e-009,0,0.000000000000000
0,1,0,5.53835e-009,0,0.000000000000000
0,1,0,8.76085e-009,0,0.000000000000000
0,1,0,1.12188e-008,0,0.000000000000000
0,1,0,1.41227e-008,0,0.000000000000000
0,1,0,1.8457e-009,0,0.000000000000000
0,1,0,4.30365e-009,0,0.000000000000000
0,1,0,6.82531e-009,0,0.000000000000000
0,1,0,9.53811e-009,0,0.000000000000000
0,1,0,1.2442e-008,0,0.000000000000000
0,1,0,4.83582e-010,0,0.000000000000000
0,1,0,3.06896e-009,0,0.000000000000000
0,1,0,5.59062e-009,0,0.000000000000000
0,1,0,8.2397e-009,0,0.000000000000000
0,1,0,1.07614e-008,0,0.000000000000000
0,1,0,1.30282e-008,0,0.000000000000000
0,1,0,1.38827e-009,0,0.000000000000000
0,1,0,3.59137e-009,0,0.000000000000000
0,1,0,6.04932e-009,0,0.000000000000000
0,1,0,8.57098e-009,0,0.000000000000000
0,1,0,1.10926e-008,0,0.000000000000000
0,1,0,1.38692e-008,0,0.000000000000000
0,1,0,1.9744e-009,0,0.000000000000000
0,1,0,4.24121e-009,0,0.000000000000000
0,1,0,6.44431e-009,0,0.000000000000000
0,1,0,8.96597e-009,0,0.000000000000000
0,1,0,1.2061e-008,0,0.000000000000000
0,1,0,2.93715e-010,0,0.000000000000000
0,1,0,2.75166e-009,0,0.000000000000000
0,1,0,5.20961e-009,0,0.000000000000000
0,1,0,7.8587e-009,0,0.000000000000000
0,1,0,1.02529e-008,0,0.000000000000000
0,1,0,1.27109e-008,0,0.000000000000000
0,1,0,1.26211e-009,0,0.000000000000000
0,1,0,3.59264e-009,0,0.000000000000000
0,1,0,6.1143e-009,0,0.000000000000000
0,1,0,8.63596e-009,0,0.000000000000000
0,1,0,1.19222e-008,0,0.000000000000000
0,1,0,2.82265e-010,0,0.000000000000000
0,1,0,2.86764e-009,0,0.000000000000000
0,1,0,5.19816e-009,0,0.000000000000000
0,1,0,7.5924e-009,0,0.000000000000000
0,1,0,1.01141e-008,0,0.000000000000000
0,1,0,1.22534e-008,0,0.000000000000000
0,1,0,8.68392e-010,0,0.000000000000000
0,1,0,3.26263e-009,0,0.000000000000000
0,1,0,5.848e-009,0,0.000000000000000
0,1,0,8.24224e-009,0,0.000000000000000
0,1,0,1.08276e-008,0,0.000000000000000
0,1,0,1.32856e-008,0,0.000000000000000
0,1,0,1.39081e-009,0,0.000000000000000
0,1,0,3.97618e-009,0,0.000000000000000
0,1,0,6.68898e-009,0,0.000000000000000
0,1,0,8.95579e-009,0,0.000000000000000
0,1,0,1.16049e-008,0,0.000000000000000
0,1,0,5.3838e-010,0,0.000000000000000
0,1,0,2.80519e-009,0,0.000000000000000
0,1,0,5.32685e-009,0,0.000000000000000
0,1,0,7.84851e-009,0,0.000000000000000
0,1,0,1.01153e-008,0,0.000000000000000
0,1,0,1.29555e-008,0,0.000000000000000
0,1,0,6.78524e-010,0,0.000000000000000
0,1,0,3.13647e-009,0,0.000000000000000
0,1,0,5.21215e-009,0,0.000000000000000
0,1,0,7.73381e-009,0,0.000000000000000
0,1,0,1.03192e-008,0,0.000000000000000
0,1,0,1.26497e-008,0,0.000000000000000
0,1,0,6.91241e-010,0,0.000000000000000
0,1,0,3.34033e-009,0,0.000000000000000
0,1,0,5.9257e-009,0,0.000000000000000
0,1,0,8.1288e-009,0,0.000000000000000
0,1,0,1.06505e-008,0,0.000000000000000
0,1,0,1.31721e-008,0,0.000000000000000
0,1,0,1.53222e-009,0,0.000000000000000
0,1,0,4.56358e-009,0,0.000000000000000
0,1,0,7.27638e-009,0,0.000000000000000
0,1,0,9.79804e-009,0,0.000000000000000
0,1,0,1.23197e-008,0,0.000000000000000
0,1,0,6.16081e-010,0,0.000000000000000
0,1,0,3.13774e-009,0,0.000000000000000
0,1,0,5.6594e-009,0,0.000000000000000
0,1,0,8.11735e-009,0,0.000000000000000
0,1,0,1.04479e-008,0,0.000000000000000
0,1,0,1.36067e-008,0,0.000000000000000
0,1,0,1.39335e-009,0,0.000000000000000
0,1,0,3.97872e-009,0,0.000000000000000
0,1,0,6.56409e-009,0,0.000000000000000
0,1,0,8.95833e-009,0,0.000000000000000
0,1,0,1.18623e-008,0,0.000000000000000
0,1,0,9.49364e-011,0,0.000000000000000
0,1,0,2.55289e-009,0,0.000000000000000
0,1,0,5.07455e-009,0,0.000000000000000
0,1,0,7.59621e-009,0,0.000000000000000
0,1,0,1.01816e-008,0,0.000000000000000
0,1,0,1.30218e-008,0,0.000000000000000
0,1,0,1.3819e-009,0,0.000000000000000
0,1,0,3.96727e-009,0,0.000000000000000
0,1,0,6.04295e-009,0,0.000000000000000
0,1,0,8.5009e-009,0,0.000000000000000
0,1,0,1.10226e-008,0,0.000000000000000
0,1,0,1.35442e-008,0,0.000000000000000
0,1,0,1.58575e-009,0,0.000000000000000
0,1,0,4.48969e-009,0,0.000000000000000
0,1,0,6.50165e-009,0,0.000000000000000
0,1,0,8.9596e-009,0,0.000000000000000
0,1,0,1.1545e-008,0,0.000000000000000
0,1,0,1.41941e-008,0,0.000000000000000
0,1,0,2.49044e-009,0,0.000000000000000
0,1,0,4.43869e-009,0,0.000000000000000
0,1,0,6.57808e-009,0,0.000000000000000
0,1,0,8.9086e-009,0,0.000000000000000
0,1,0,1.12391e-008,0,0.000000000000000
0,1,0,1.34422e-008,0,0.000000000000000
0,1,0,1.73861e-009,0,0.000000000000000
0,1,0,4.3877e-009,0,0.000000000000000
0,1,0,7.03678e-009,0,0.000000000000000
0,1,0,9.87701e-009,0,0.000000000000000
0,1,0,1.24624e-008,0,0.000000000000000
0,1,0,9.49898e-010,0,0.000000000000000
0,1,0,3.47156e-009,0,0.000000000000000
0,1,0,5.92951e-009,0,0.000000000000000
0,1,0,8.51488e-009,0,0.000000000000000
0,1,0,1.11003e-008,0,0.000000000000000
0,1,0,1.37493e-008,0,0.000000000000000
0,1,0,1.79088e-009,0,0.000000000000000
0,1,0,4.24882e-009,0,0.000000000000000
0,1,0,6.77049e-009,0,0.000000000000000
0,1,0,9.0373e-009,0,0.000000000000000
0,1,0,1.13678e-008,0,0.000000000000000
0,1,0,1.39532e-008,0,0.000000000000000
0,1,0,2.377e-009,0,0.000000000000000
0,1,0,5.02609e-009,0,0.000000000000000
0,1,0,7.86631e-009,0,0.000000000000000
0,1,0,9.81456e-009,0,0.000000000000000
0,1,0,1.22088e-008,0,0.000000000000000
0,1,0,3.77757e-010,0,0.000000000000000
0,1,0,3.09056e-009,0,0.000000000000000
0,1,0,5.80335e-009,0,0.000000000000000
0,1,0,8.45244e-009,0,0.000000000000000
0,1,0,1.09741e-008,0,0.000000000000000
0,1,0,1.3432e-008,0,0.000000000000000
0,1,0,1.98328e-009,0,0.000000000000000
0,1,0,4.63237e-009,0,0.000000000000000
0,1,0,7.15403e-009,0,0.000000000000000
0,1,0,9.99425e-009,0,0.000000000000000
0,1,0,1.25159e-008,0,0.000000000000000
0,1,0,3.6631e-010,0,0.000000000000000
0,1,0,2.76055e-009,0,0.000000000000000
0,1,0,5.28221e-009,0,0.000000000000000
0,1,0,8.37728e-009,0,0.000000000000000
0,1,0,1.0453e-008,0,0.000000000000000
0,1,0,1.32295e-008,0,0.000000000000000
0,1,0,1.65327e-009,0,0.000000000000000
0,1,0,5.00319e-009,0,0.000000000000000
0,1,0,7.46114e-009,0,0.000000000000000
0,1,0,1.02377e-008,0,0.000000000000000
0,1,0,1.25682e-008,0,0.000000000000000
0,1,0,6.73423e-010,0,0.000000000000000
0,1,0,2.94024e-009,0,0.000000000000000
0,1,0,5.33447e-009,0,0.000000000000000
0,1,0,7.91984e-009,0,0.000000000000000
0,1,0,1.04415e-008,0,0.000000000000000
0,1,0,1.31543e-008,0,0.000000000000000
0,1,0,1.25955e-009,0,0.000000000000000
0,1,0,3.7175e-009,0,0.000000000000000
0,1,0,6.49401e-009,0,0.000000000000000
0,1,0,9.01567e-009,0,0.000000000000000
0,1,0,1.15373e-008,0,0.000000000000000
0,1,0,1.38679e-008,0,0.000000000000000
0,1,0,1.65454e-009,0,0.000000000000000
0,1,0,4.36734e-009,0,0.000000000000000
0,1,0,6.95271e-009,0,0.000000000000000
0,1,0,9.34695e-009,0,0.000000000000000
0,1,0,1.19323e-008,0,0.000000000000000
0,1,0,8.65829e-010,0,0.000000000000000
0,1,0,3.38749e-009,0,0.000000000000000
0,1,0,5.90915e-009,0,0.000000000000000
0,1,0,8.43081e-009,0,0.000000000000000
0,1,0,1.07613e-008,0,0.000000000000000
0,1,0,1.3283e-008,0,0.000000000000000
0,1,0,1.51567e-009,0,0.000000000000000
0,1,0,4.22847e-009,0,0.000000000000000
0,1,0,6.75013e-009,0,0.000000000000000
0,1,0,8.57095e-009,0,0.000000000000000
0,1,0,1.10289e-008,0,0.000000000000000
0,1,0,1.34869e-008,0,0.000000000000000
0,1,0,2.29293e-009,0,0.000000000000000
0,1,0,4.81459e-009,0,0.000000000000000
0,1,0,7.71853e-009,0,0.000000000000000
0,1,0,1.02402e-008,0,0.000000000000000
0,1,0,1.26344e-008,0,0.000000000000000
0,1,0,9.30808e-010,0,0.000000000000000
0,1,0,3.45247e-009,0,0.000000000000000
0,1,0,5.59186e-009,0,0.000000000000000
0,1,0,8.24094e-009,0,0.000000000000000
0,1,0,1.10812e-008,0,0.000000000000000
0,1,0,1.34117e-008,0,0.000000000000000
0,1,0,1.64436e-009,0,0.000000000000000
0,1,0,4.16602e-009,0,0.000000000000000
0,1,0,6.75139e-009,0,0.000000000000000
0,1,0,9.46419e-009,0,0.000000000000000
0,1,0,1.19221e-008,0,0.000000000000000
0,1,0,2.18525e-010,0,0.000000000000000
0,1,0,2.74019e-009,0,0.000000000000000
0,1,0,5.26185e-009,0,0.000000000000000
0,1,0,8.29321e-009,0,0.000000000000000
0,1,0,1.08149e-008,0,0.000000000000000
0,1,0,1.33365e-008,0,0.000000000000000
0,1,0,1.44178e-009,0,0.000000000000000
0,1,0,3.7723e-009,0,0.000000000000000
0,1,0,6.42139e-009,0,0.000000000000000
0,1,0,9.07047e-009,0,0.000000000000000
0,1,0,1.15921e-008,0,0.000000000000000
0,1,0,1.42412e-008,0,0.000000000000000
0,1,0,2.47389e-009,0,0.000000000000000
0,1,0,5.2504e-009,0,0.000000000000000
0,1,0,8.85517e-009,0,0.000000000000000
0,1,0,1.16317e-008,0,0.000000000000000
0,1,0,1.82912e-010,0,0.000000000000000
0,1,0,2.95942e-009,0,0.000000000000000
0,1,0,5.22623e-009,0,0.000000000000000
0,1,0,7.81161e-009,0,0.000000000000000
0,1,0,1.05881e-008,0,0.000000000000000
0,1,0,1.33009e-008,0,0.000000000000000
0,1,0,2.42556e-009,0,0.000000000000000
0,1,0,5.13835e-009,0,0.000000000000000
0,1,0,7.46888e-009,0,0.000000000000000
0,1,0,9.86312e-009,0,0.000000000000000
0,1,0,1.24485e-008,0,0.000000000000000
0,1,0,6.17448e-010,0,0.000000000000000
0,1,0,3.20282e-009,0,0.000000000000000
0,1,0,5.85191e-009,0,0.000000000000000
0,1,0,8.43728e-009,0,0.000000000000000
0,1,0,1.08315e-008,0,0.000000000000000
0,1,0,1.34806e-008,0,0.000000000000000
0,1,0,2.03183e-009,0,0.000000000000000
0,1,0,4.74463e-009,0,0.000000000000000
0,1,0,7.26629e-009,0,0.000000000000000
0,1,0,9.66053e-009,0,0.000000000000000
0,1,0,1.20548e-008,0,0.000000000000000
0,1,0,2.23726e-010,0,0.000000000000000
0,1,0,2.74539e-009,0,0.000000000000000
0,1,0,5.0122e-009,0,0.000000000000000
0,1,0,7.91613e-009,0,0.000000000000000
0,1,0,1.05015e-008,0,0.000000000000000
0,1,0,1.28957e-008,0,0.000000000000000
0,1,0,1.19213e-009,0,0.000000000000000
0,1,0,4.09606e-009,0,0.000000000000000
0,1,0,6.80886e-009,0,0.000000000000000
0,1,0,9.52166e-009,0,0.000000000000000
0,1,0,1.17885e-008,0,0.000000000000000
0,1,0,1.42464e-008,0,0.000000000000000
0,1,0,2.47909e-009,0,0.000000000000000
0,1,0,5.12818e-009,0,0.000000000000000
0,1,0,7.52241e-009,0,0.000000000000000
0,1,0,1.06812e-008,0,0.000000000000000
0,1,0,1.3394e-008,0,0.000000000000000
0,1,0,1.3081e-009,0,0.000000000000000
0,1,0,3.57492e-009,0,0.000000000000000
0,1,0,6.09658e-009,0,0.000000000000000
0,1,0,8.68195e-009,0,0.000000000000000
0,1,0,1.12036e-008,0,0.000000000000000
0,1,0,1.36616e-008,0,0.000000000000000
0,1,0,2.02166e-009,0,0.000000000000000
0,1,0,4.28847e-009,0,0.000000000000000
0,1,0,6.81013e-009,0,0.000000000000000
0,1,0,9.84149e-009,0,0.000000000000000
0,1,0,1.23631e-008,0,0.000000000000000
0,1,0,6.59534e-010,0,0.000000000000000
0,1,0,3.30862e-009,0,0.000000000000000
0,1,0,6.02142e-009,0,0.000000000000000
0,1,0,8.54308e-009,0,0.000000000000000
0,1,0,1.11922e-008,0,0.000000000000000
0,1,0,1.37138e-008,0,0.000000000000000
0,1,0,1.81907e-009,0,0.000000000000000
0,1,0,4.59558e-009,0,0.000000000000000
0,1,0,7.18096e-009,0,0.000000000000000
0,1,0,9.95747e-009,0,0.000000000000000
0,1,0,1.25428e-008,0,0.000000000000000
0,1,0,3.93239e-010,0,0.000000000000000
0,1,0,3.04232e-009,0,0.000000000000000
0,1,0,5.30914e-009,0,0.000000000000000
0,1,0,8.3405e-009,0,0.000000000000000
0,1,0,1.08622e-008,0,0.000000000000000
0,1,0,1.34475e-008,0,0.000000000000000
0,1,0,1.6802e-009,0,0.000000000000000
0,1,0,4.52042e-009,0,0.000000000000000
0,1,0,7.1058e-009,0,0.000000000000000
0,1,0,9.56375e-009,0,0.000000000000000
0,1,0,1.21491e-008,0,0.000000000000000
0,1,0,3.81791e-010,0,0.000000000000000
0,1,0,2.90345e-009,0,0.000000000000000
0,1,0,5.3614e-009,0,0.000000000000000
0,1,0,7.62821e-009,0,0.000000000000000
0,1,0,1.00224e-008,0,0.000000000000000
0,1,0,1.29901e-008,0,0.000000000000000
0,1,0,7.76783e-010,0,0.000000000000000
0,1,0,3.23473e-009,0,0.000000000000000
0,1,0,5.24669e-009,0,0.000000000000000
0,1,0,8.0232e-009,0,0.000000000000000
0,1,0,1.09909e-008,0,0.000000000000000
0,1,0,1.39585e-008,0,0.000000000000000
0,1,0,2.19117e-009,0,0.000000000000000
0,1,0,4.77654e-009,0,0.000000000000000
0,1,0,7.8079e-009,0,0.000000000000000
0,1,0,1.00747e-008,0,0.000000000000000
0,1,0,1.24052e-008,0,0.000000000000000
0,1,0,7.01623e-010,0,0.000000000000000
0,1,0,3.54185e-009,0,0.000000000000000
0,1,0,6.12722e-009,0,0.000000000000000
0,1,0,8.64888e-009,0,0.000000000000000
0,1,0,1.20625e-008,0,0.000000000000000
0,1,0,6.13745e-010,0,0.000000000000000
0,1,0,2.81684e-009,0,0.000000000000000
0,1,0,5.33851e-009,0,0.000000000000000
0,1,0,7.79645e-009,0,0.000000000000000
0,1,0,9.93584e-009,0,0.000000000000000
0,1,0,1.22027e-008,0,0.000000000000000
0,1,0,3.71613e-010,0,0.000000000000000
0,1,0,2.06501e-009,0,0.000000000000000
0,1,0,4.01326e-009,0,0.000000000000000
0,1,0,6.98091e-009,0,0.000000000000000
0,1,0,9.50257e-009,0,0.000000000000000
0,1,0,1.23428e-008,0,0.000000000000000
0,1,0,5.11755e-010,0,0.000000000000000
0,1,0,3.35198e-009,0,0.000000000000000
0,1,0,5.74621e-009,0,0.000000000000000
0,1,0,8.33159e-009,0,0.000000000000000
0,1,0,1.17452e-008,0,0.000000000000000
0,1,0,1.36935e-008,0,0.000000000000000
0,1,0,1.98985e-009,0,0.000000000000000
0,1,0,4.51152e-009,0,0.000000000000000
0,1,0,6.90575e-009,0,0.000000000000000
0,1,0,9.3637e-009,0,0.000000000000000
0,1,0,1.15668e-008,0,0.000000000000000
0,1,0,1.38973e-008,0,0.000000000000000
0,1,0,2.06628e-009,0,0.000000000000000
0,1,0,4.58794e-009,0,0.000000000000000
0,1,0,7.30074e-009,0,0.000000000000000
0,1,0,9.50384e-009,0,0.000000000000000
0,1,0,1.20255e-008,0,0.000000000000000
0,1,0,1.94463e-010,0,0.000000000000000
0,1,0,2.84355e-009,0,0.000000000000000
0,1,0,5.42892e-009,0,0.000000000000000
0,1,0,7.95058e-009,0,0.000000000000000
0,1,0,1.04722e-008,0,0.000000000000000
0,1,0,1.3185e-008,0,0.000000000000000
0,1,0,1.354e-009,0,0.000000000000000
0,1,0,3.74824e-009,0,0.000000000000000
0,1,0,6.20619e-009,0,0.000000000000000
0,1,0,8.9827e-009,0,0.000000000000000
0,1,0,1.13132e-008,0,0.000000000000000
0,1,0,1.40897e-008,0,0.000000000000000
0,1,0,2.70468e-009,0,0.000000000000000
0,1,0,5.35376e-009,0,0.000000000000000
0,1,0,7.93913e-009,0,0.000000000000000
0,1,0,1.01422e-008,0,0.000000000000000
0,1,0,1.26002e-008,0,0.000000000000000
0,1,0,1.02399e-009,0,0.000000000000000
0,1,0,3.35451e-009,0,0.000000000000000
0,1,0,5.87618e-009,0,0.000000000000000
0,1,0,8.58897e-009,0,0.000000000000000
0,1,0,1.11743e-008,0,0.000000000000000
0,1,0,1.36323e-008,0,0.000000000000000
0,1,0,1.80126e-009,0,0.000000000000000
0,1,0,4.06807e-009,0,0.000000000000000
0,1,0,6.58973e-009,0,0.000000000000000
0,1,0,9.30253e-009,0,0.000000000000000
0,1,0,1.18242e-008,0,0.000000000000000
0,1,0,1.42184e-008,0,0.000000000000000
0,1,0,2.32367e-009,0,0.000000000000000
0,1,0,5.35503e-009,0,0.000000000000000
0,1,0,8.13154e-009,0,0.000000000000000
0,1,0,1.07806e-008,0,0.000000000000000
0,1,0,1.31112e-008,0,0.000000000000000
0,1,0,1.72609e-009,0,0.000000000000000
0,1,0,4.12033e-009,0,0.000000000000000
0,1,0,6.83313e-009,0,0.000000000000000
0,1,0,9.60964e-009,0,0.000000000000000
0,1,0,1.22587e-008,0,0.000000000000000
0,1,0,4.91396e-010,0,0.000000000000000
0,1,0,2.6945e-009,0,0.000000000000000
0,1,0,5.66214e-009,0,0.000000000000000
0,1,0,8.43865e-009,0,0.000000000000000
0,1,0,1.08329e-008,0,0.000000000000000
0,1,0,1.32908e-008,0,0.000000000000000
0,1,0,1.58722e-009,0,0.000000000000000
0,1,0,4.36373e-009,0,0.000000000000000
0,1,0,7.01282e-009,0,0.000000000000000
0,1,0,9.53448e-009,0,0.000000000000000
0,1,0,1.22473e-008,0,0.000000000000000
0,1,0,2.88812e-010,0,0.000000000000000
0,1,0,2.87419e-009,0,0.000000000000000
0,1,0,5.45956e-009,0,0.000000000000000
0,1,0,7.91751e-009,0,0.000000000000000
0,1,0,1.0248e-008,0,0.000000000000000
0,1,0,1.3152e-008,0,0.000000000000000
0,1,0,1.38464e-009,0,0.000000000000000
0,1,0,3.97001e-009,0,0.000000000000000
0,1,0,6.23682e-009,0,0.000000000000000
0,1,0,8.50363e-009,0,0.000000000000000
0,1,0,1.10253e-008,0,0.000000000000000
0,1,0,1.29735e-008,0,0.000000000000000
0,1,0,1.20622e-009,0,0.000000000000000
0,1,0,3.8553e-009,0,0.000000000000000
0,1,0,6.50439e-009,0,0.000000000000000
0,1,0,8.89863e-009,0,0.000000000000000
