0,0,0,0,4.88759e-07,0.000000000000000
0,0,0.001,0,3.81806e-09,0.000000000000000
0,0,0.002,0,1.13885e-08,0.000000000000000
0,0,0.003,0,7.81727e-09,0.000000000000000
0,0,0.004,0,1.05987e-08,0.000000000000000
0,0,0.005,0,1.35809e-08,0.000000000000000
0,0,0.006,0,4.11696e-09,0.000000000000000
0,0,0.007,0,6.98381e-09,0.000000000000000
0,0,0.008,0,5.91985e-09,0.000000000000000
0,0,0.009,0,2.71877e-09,0.000000000000000
0,0,0.01,0,1.11474e-08,0.000000000000000
0,0,0.011,0,9.00892e-09,0.000000000000000
0,0,0.012,0,1.1231e-08,0.000000000000000
0,0,0.013,0,8.05072e-10,0.000000000000000
0,0,0.014,0,2.90405e-09,0.000000000000000
0,0,0.015,0,7.88557e-09,0.000000000000000
0,0,0.016,0,1.08256e-08,0.000000000000000
0,0,0.017,0,5.17632e-09,0.000000000000000
0,0,0.018,0,3.83317e-09,0.000000000000000
0,0,0.019,0,6.19717e-09,0.000000000000000
0,0.02,0,0,4.57265e-09,0.000000000000000
0,0.02,0.001,0,3.21902e-09,0.000000000000000
0,0.02,0.002,0,8.87322e-10,0.000000000000000
0,0.02,0.003,0,1.39474e-08,0.000000000000000
0,0.02,0.004,0,3.24259e-10,0.000000000000000
0,0.02,0.005,0,1.06405e-08,0.000000000000000
0,0.02,0.006,0,7.1279e-10,0.000000000000000
0,0.02,0.007,0,1.39388e-08,0.000000000000000
0,0.02,0.008,0,7.76426e-09,0.000000000000000
0,0.02,0.009,0,3.90305e-09,0.000000000000000
0,0.02,0.01,0,9.84043e-09,0.000000000000000
0,0.02,0.011,0,7.67719e-09,0.000000000000000
0,0.02,0.012,0,1.40775e-08,0.000000000000000
0,0.02,0.013,0,1.32928e-09,0.000000000000000
0,0.02,0.014,0,4.0326e-09,0.000000000000000
0,0.02,0.015,0,1.03102e-08,0.000000000000000
0,0.02,0.016,0,1.09472e-08,0.000000000000000
0,0.02,0.017,0,8.67123e-10,0.000000000000000
0,0.02,0.018,0,1.6629e-10,0.000000000000000
0,0.02,0.019,0,1.4017e-08,0.000000000000000
0,0.04,0,0,8.4459e-09,0.000000000000000
0,0.04,0.001,0,7.06962e-09,0.000000000000000
0,0.04,0.002,0,2.03656e-09,0.000000000000000
0,0.04,0.003,0,1.04561e-08,0.000000000000000
0,0.04,0.004,0,2.39499e-09,0.000000000000000
0,0.04,0.005,0,9.15887e-09,0.000000000000000
0,0.04,0.006,0,6.80699e-09,0.000000000000000
0,0.04,0.007,0,5.12125e-10,0.000000000000000
0,0.04,0.008,0,5.81884e-09,0.000000000000000
0,0.04,0.009,0,4.39207e-09,0.000000000000000
0,0.04,0.01,0,1.31109e-08,0.000000000000000
0,0.04,0.011,0,9.66019e-09,0.000000000000000
0,0.04,0.012,0,2.43482e-09,0.000000000000000
0,0.04,0.013,0,1.8675e-09,0.000000000000000
0,0.04,0.014,0,1.21823e-08,0.000000000000000
0,0.04,0.015,0,2.87087e-09,0.000000000000000
0,0.04,0.016,0,1.22758e-08,0.000000000000000
0,0.04,0.017,0,5.06077e-09,0.000000000000000
0,0.04,0.018,0,1.27851e-08,0.000000000000000
0,0.04,0.019,0,6.82806e-09,0.000000000000000
0,0.06,0,0,4.28415e-09,0.000000000000000
0,0.06,0.001,0,1.70542e-09,0.000000000000000
0,0.06,0.002,0,8.84494e-09,0.000000000000000
0,0.06,0.003,0,1.11108e-08,0.000000000000000
0,0.06,0.004,0,2.18634e-09,0.000000000000000
0,0.06,0.005,0,5.82637e-09,0.000000000000000
0,0.06,0.006,0,5.72056e-09,0.000000000000000
0,0.06,0.007,0,1.76584e-09,0.000000000000000
0,0.06,0.008,0,8.19644e-09,0.000000000000000
0,0.06,0.009,0,1.1364e-08,0.000000000000000
0,0.06,0.01,0,1.35999e-08,0.000000000000000
0,0.06,0.011,0,2.26128e-09,0.000000000000000
0,0.06,0.012,0,4.23189e-09,0.000000000000000
0,0.06,0.013,0,5.11741e-09,0.000000000000000
0,0.06,0.014,0,1.0327e-08,0.000000000000000
0,0.06,0.015,0,1.21229e-08,0.000000000000000
0,0.06,0.016,0,2.22956e-09,0.000000000000000
0,0.06,0.017,0,1.94279e-09,0.000000000000000
0,0.06,0.018,0,1.08642e-08,0.000000000000000
0,0.06,0.019,0,2.35285e-09,0.000000000000000
0,0.08,0,0,1.37084e-08,0.000000000000000
0,0.08,0.001,0,2.67597e-09,0.000000000000000
0,0.08,0.002,0,7.37461e-09,0.000000000000000
0,0.08,0.003,0,2.3796e-09,0.000000000000000
0,0.08,0.004,0,5.78768e-09,0.000000000000000
0,0.08,0.005,0,1.14684e-08,0.000000000000000
0,0.08,0.006,0,6.36834e-09,0.000000000000000
0,0.08,0.007,0,5.13348e-09,0.000000000000000
0,0.08,0.008,0,2.1962e-09,0.000000000000000
0,0.08,0.009,0,5.13975e-10,0.000000000000000
0,0.08,0.01,0,3.43949e-09,0.000000000000000
0,0.08,0.011,0,4.1042e-09,0.000000000000000
0,0.08,0.012,0,1.25533e-08,0.000000000000000
0,0.08,0.013,0,1.5881e-09,0.000000000000000
0,0.08,0.014,0,2.27166e-09,0.000000000000000
0,0.08,0.015,0,1.42005e-08,0.000000000000000
0,0.08,0.016,0,1.29959e-08,0.000000000000000
0,0.08,0.017,0,1.15274e-09,0.000000000000000
0,0.08,0.018,0,6.48039e-10,0.000000000000000
0,0.08,0.019,0,1.22127e-08,0.000000000000000
0,0.1,0,0,2.1276e-09,0.000000000000000
0,0.1,0.001,0,1.10203e-10,0.000000000000000
0,0.1,0.002,0,1.10964e-08,0.000000000000000
0,0.1,0.003,0,1.13299e-08,0.000000000000000
0,0.1,0.004,0,3.45168e-09,0.000000000000000
0,0.1,0.005,0,1.05964e-08,0.000000000000000
0,0.1,0.006,0,1.25036e-08,0.000000000000000
0,0.1,0.007,0,2.76124e-09,0.000000000000000
0,0.1,0.008,0,1.08283e-08,0.000000000000000
0,0.1,0.009,0,5.52969e-09,0.000000000000000
0,0.1,0.01,0,8.25872e-09,0.000000000000000
0,0.1,0.011,0,1.24411e-09,0.000000000000000
0,0.1,0.012,0,1.3918e-08,0.000000000000000
0,0.1,0.013,0,1.05654e-09,0.000000000000000
0,0.1,0.014,0,6.62755e-09,0.000000000000000
0,0.1,0.015,0,3.35559e-09,0.000000000000000
0,0.1,0.016,0,1.64249e-09,0.000000000000000
0,0.1,0.017,0,5.36258e-09,0.000000000000000
0,0.1,0.018,0,3.5384e-09,0.000000000000000
0,0.1,0.019,0,3.31888e-09,0.000000000000000
0,0.12,0,0,8.87052e-09,0.000000000000000
0,0.12,0.001,0,1.28568e-08,0.000000000000000
0,0.12,0.002,0,6.19294e-09,0.000000000000000
0,0.12,0.003,0,1.72262e-09,0.000000000000000
0,0.12,0.004,0,2.86552e-09,0.000000000000000
0,0.12,0.005,0,1.11188e-08,0.000000000000000
0,0.12,0.006,0,5.50783e-09,0.000000000000000
0,0.12,0.007,0,4.27466e-09,0.000000000000000
0,0.12,0.008,0,7.05147e-09,0.000000000000000
0,0.12,0.009,0,1.36606e-08,0.000000000000000
0,0.12,0.01,0,1.32502e-08,0.000000000000000
0,0.12,0.011,0,9.76947e-09,0.000000000000000
0,0.12,0.012,0,3.52224e-09,0.000000000000000
0,0.12,0.013,0,1.66408e-10,0.000000000000000
0,0.12,0.014,0,4.96783e-09,0.000000000000000
0,0.12,0.015,0,3.68489e-09,0.000000000000000
0,0.12,0.016,0,7.19335e-09,0.000000000000000
0,0.12,0.017,0,4.48144e-09,0.000000000000000
0,0.12,0.018,0,1.08483e-08,0.000000000000000
0,0.12,0.019,0,7.85489e-09,0.000000000000000
0,0.14,0,0,1.41235e-08,0.000000000000000
0,0.14,0.001,0,1.38301e-08,0.000000000000000
0,0.14,0.002,0,8.46304e-09,0.000000000000000
0,0.14,0.003,0,7.68344e-09,0.000000000000000
0,0.14,0.004,0,1.10785e-08,0.000000000000000
0,0.14,0.005,0,2.7258e-09,0.000000000000000
0,0.14,0.006,0,1.32795e-08,0.000000000000000
0,0.14,0.007,0,9.2309e-09,0.000000000000000
0,0.14,0.008,0,2.04023e-09,0.000000000000000
0,0.14,0.009,0,4.50236e-09,0.000000000000000
0,0.14,0.01,0,1.02239e-08,0.000000000000000
0,0.14,0.011,0,1.37228e-08,0.000000000000000
0,0.14,0.012,0,1.19495e-08,0.000000000000000
0,0.14,0.013,0,1.22541e-08,0.000000000000000
0,0.14,0.014,0,2.81081e-09,0.000000000000000
0,0.14,0.015,0,6.71332e-09,0.000000000000000
0,0.14,0.016,0,2.70996e-09,0.000000000000000
0,0.14,0.017,0,2.48361e-09,0.000000000000000
0,0.14,0.018,0,4.46618e-09,0.000000000000000
0,0.14,0.019,0,5.85398e-10,0.000000000000000
0,0.16,0,0,1.14694e-08,0.000000000000000
0,0.16,0.001,0,4.2669e-10,0.000000000000000
0,0.16,0.002,0,9.45683e-09,0.000000000000000
0,0.16,0.003,0,1.26586e-08,0.000000000000000
0,0.16,0.004,0,1.63574e-09,0.000000000000000
0,0.16,0.005,0,8.43357e-11,0.000000000000000
0,0.16,0.006,0,2.99237e-09,0.000000000000000
0,0.16,0.007,0,5.80992e-09,0.000000000000000
0,0.16,0.008,0,4.4536e-09,0.000000000000000
0,0.16,0.009,0,1.17921e-08,0.000000000000000
0,0.16,0.01,0,9.21217e-09,0.000000000000000
0,0.16,0.011,0,1.20397e-08,0.000000000000000
0,0.16,0.012,0,8.61819e-09,0.000000000000000
0,0.16,0.013,0,8.63899e-10,0.000000000000000
0,0.16,0.014,0,4.22641e-09,0.000000000000000
0,0.16,0.015,0,1.50272e-09,0.000000000000000
0,0.16,0.016,0,1.21391e-08,0.000000000000000
0,0.16,0.017,0,6.33284e-09,0.000000000000000
0,0.16,0.018,0,9.052e-09,0.000000000000000
0,0.16,0.019,0,7.51278e-09,0.000000000000000
0,0.18,0,0,8.37681e-09,0.000000000000000
0,0.18,0.001,0,1.03762e-08,0.000000000000000
0,0.18,0.002,0,1.38209e-08,0.000000000000000
0,0.18,0.003,0,1.1236e-08,0.000000000000000
0,0.18,0.004,0,4.78847e-09,0.000000000000000
0,0.18,0.005,0,8.58094e-09,0.000000000000000
0,0.18,0.006,0,1.00259e-08,0.000000000000000
0,0.18,0.007,0,3.7665e-09,0.000000000000000
0,0.18,0.008,0,7.69697e-09,0.000000000000000
0,0.18,0.009,0,6.0995e-09,0.000000000000000
0,0.18,0.01,0,3.29224e-10,0.000000000000000
0,0.18,0.011,0,1.26349e-08,0.000000000000000
0,0.18,0.012,0,1.13609e-08,0.000000000000000
0,0.18,0.013,0,1.40155e-08,0.000000000000000
0,0.18,0.014,0,1.01723e-08,0.000000000000000
0,0.18,0.015,0,1.14381e-08,0.000000000000000
0,0.18,0.016,0,9.29961e-09,0.000000000000000
0,0.18,0.017,0,9.15529e-09,0.000000000000000
0,0.18,0.018,0,8.06773e-09,0.000000000000000
0,0.18,0.019,0,5.08457e-09,0.000000000000000
0,0.2,0,0,1.39112e-08,0.000000000000000
0,0.2,0.001,0,8.87865e-09,0.000000000000000
0,0.2,0.002,0,7.47992e-09,0.000000000000000
0,0.2,0.003,0,1.03352e-08,0.000000000000000
0,0.2,0.004,0,1.40039e-08,0.000000000000000
0,0.2,0.005,0,6.95049e-09,0.000000000000000
0,0.2,0.006,0,5.44655e-09,0.000000000000000
0,0.2,0.007,0,9.74935e-09,0.000000000000000
0,0.2,0.008,0,1.21908e-08,0.000000000000000
0,0.2,0.009,0,4.27094e-09,0.000000000000000
0,0.2,0.01,0,7.1247e-09,0.000000000000000
0,0.2,0.011,0,4.73849e-09,0.000000000000000
0,0.2,0.012,0,1.41271e-08,0.000000000000000
0,0.2,0.013,0,8.896e-09,0.000000000000000
0,0.2,0.014,0,1.26912e-08,0.000000000000000
0,0.2,0.015,0,6.59602e-09,0.000000000000000
0,0.2,0.016,0,1.06095e-08,0.000000000000000
0,0.2,0.017,0,6.49815e-09,0.000000000000000
0,0.2,0.018,0,4.79785e-09,0.000000000000000
0,0.2,0.019,0,5.19905e-09,0.000000000000000
0,0.22,0,0,8.78345e-09,0.000000000000000
0,0.22,0.001,0,1.2735e-08,0.000000000000000
0,0.22,0.002,0,1.39053e-08,0.000000000000000
0,0.22,0.003,0,1.20178e-08,0.000000000000000
0,0.22,0.004,0,7.26039e-09,0.000000000000000
0,0.22,0.005,0,9.82035e-09,0.000000000000000
0,0.22,0.006,0,1.17238e-08,0.000000000000000
0,0.22,0.007,0,8.17552e-09,0.000000000000000
0,0.22,0.008,0,5.25799e-09,0.000000000000000
0,0.22,0.009,0,5.03497e-09,0.000000000000000
0,0.22,0.01,0,1.12254e-08,0.000000000000000
0,0.22,0.011,0,6.18374e-09,0.000000000000000
0,0.22,0.012,0,7.0585e-09,0.000000000000000
0,0.22,0.013,0,8.00919e-09,0.000000000000000
0,0.22,0.014,0,1.8675e-09,0.000000000000000
0,0.22,0.015,0,6.89704e-09,0.000000000000000
0,0.22,0.016,0,3.83339e-09,0.000000000000000
0,0.22,0.017,0,3.64796e-09,0.000000000000000
0,0.22,0.018,0,1.08398e-08,0.000000000000000
0,0.22,0.019,0,1.89478e-09,0.000000000000000
0,0.24,0,0,2.52688e-09,0.000000000000000
0,0.24,0.001,0,1.09329e-08,0.000000000000000
0,0.24,0.002,0,1.72206e-09,0.000000000000000
0,0.24,0.003,0,5.21953e-09,0.000000000000000
0,0.24,0.004,0,1.32882e-08,0.000000000000000
0,0.24,0.005,0,3.24959e-09,0.000000000000000
0,0.24,0.006,0,8.55269e-09,0.000000000000000
0,0.24,0.007,0,1.10097e-08,0.000000000000000
0,0.24,0.008,0,1.394e-09,0.000000000000000
0,0.24,0.009,0,1.42079e-08,0.000000000000000
0,0.24,0.01,0,1.19377e-08,0.000000000000000
0,0.24,0.011,0,9.64148e-09,0.000000000000000
0,0.24,0.012,0,1.57712e-09,0.000000000000000
0,0.24,0.013,0,3.05187e-09,0.000000000000000
0,0.24,0.014,0,4.50907e-09,0.000000000000000
0,0.24,0.015,0,6.97344e-09,0.000000000000000
0,0.24,0.016,0,1.24615e-08,0.000000000000000
0,0.24,0.017,0,3.06813e-09,0.000000000000000
0,0.24,0.018,0,1.37136e-09,0.000000000000000
0,0.24,0.019,0,7.11071e-09,0.000000000000000
0,0.26,0,0,8.42604e-09,0.000000000000000
0,0.26,0.001,0,1.03304e-09,0.000000000000000
0,0.26,0.002,0,7.5869e-09,0.000000000000000
0,0.26,0.003,0,1.21345e-08,0.000000000000000
0,0.26,0.004,0,1.82075e-09,0.000000000000000
0,0.26,0.005,0,1.34282e-08,0.000000000000000
0,0.26,0.006,0,1.1905e-08,0.000000000000000
0,0.26,0.007,0,7.68988e-09,0.000000000000000
0,0.26,0.008,0,7.73334e-09,0.000000000000000
0,0.26,0.009,0,1.40352e-08,0.000000000000000
0,0.26,0.01,0,1.41901e-08,0.000000000000000
0,0.26,0.011,0,3.03315e-09,0.000000000000000
0,0.26,0.012,0,6.39036e-09,0.000000000000000
0,0.26,0.013,0,1.05881e-08,0.000000000000000
0,0.26,0.014,0,1.40961e-08,0.000000000000000
0,0.26,0.015,0,4.65855e-09,0.000000000000000
0,0.26,0.016,0,1.01746e-08,0.000000000000000
0,0.26,0.017,0,7.30433e-09,0.000000000000000
0,0.26,0.018,0,1.05996e-08,0.000000000000000
0,0.26,0.019,0,7.53568e-09,0.000000000000000
0,0.28,0,0,8.62071e-09,0.000000000000000
0,0.28,0.001,0,3.09982e-09,0.000000000000000
0,0.28,0.002,0,4.68656e-09,0.000000000000000
0,0.28,0.003,0,1.25654e-08,0.000000000000000
0,0.28,0.004,0,6.06238e-09,0.000000000000000
0,0.28,0.005,0,8.81739e-09,0.000000000000000
0,0.28,0.006,0,3.62164e-10,0.000000000000000
0,0.28,0.007,0,8.35435e-09,0.000000000000000
0,0.28,0.008,0,7.8448e-09,0.000000000000000
0,0.28,0.009,0,7.5937e-09,0.000000000000000
0,0.28,0.01,0,3.19759e-09,0.000000000000000
0,0.28,0.011,0,5.03879e-09,0.000000000000000
0,0.28,0.012,0,6.07907e-09,0.000000000000000
0,0.28,0.013,0,2.84702e-09,0.000000000000000
0,0.28,0.014,0,2.56733e-09,0.000000000000000
0,0.28,0.015,0,8.01106e-09,0.000000000000000
0,0.28,0.016,0,1.16411e-08,0.000000000000000
0,0.28,0.017,0,5.91845e-09,0.000000000000000
0,0.28,0.018,0,5.70631e-10,0.000000000000000
0,0.28,0.019,0,1.08994e-08,0.000000000000000
0,0.3,0,0,2.82562e-10,0.000000000000000
0,0.3,0.001,0,1.32777e-08,0.000000000000000
0,0.3,0.002,0,8.01479e-09,0.000000000000000
0,0.3,0.003,0,6.47458e-09,0.000000000000000
0,0.3,0.004,0,5.08686e-09,0.000000000000000
0,0.3,0.005,0,1.42811e-08,0.000000000000000
0,0.3,0.006,0,9.85004e-09,0.000000000000000
0,0.3,0.007,0,1.02512e-08,0.000000000000000
0,0.3,0.008,0,7.63231e-10,0.000000000000000
0,0.3,0.009,0,1.7742e-09,0.000000000000000
0,0.3,0.01,0,1.32829e-08,0.000000000000000
0,0.3,0.011,0,3.65786e-09,0.000000000000000
0,0.3,0.012,0,7.54042e-09,0.000000000000000
0,0.3,0.013,0,5.06697e-09,0.000000000000000
0,0.3,0.014,0,1.4167e-08,0.000000000000000
0,0.3,0.015,0,2.949e-09,0.000000000000000
0,0.3,0.016,0,2.12827e-09,0.000000000000000
0,0.3,0.017,0,5.6425e-09,0.000000000000000
0,0.3,0.018,0,9.84713e-09,0.000000000000000
0,0.3,0.019,0,6.65105e-09,0.000000000000000
0,0.32,0,0,4.91107e-09,0.000000000000000
0,0.32,0.001,0,8.34307e-09,0.000000000000000
0,0.32,0.002,0,9.86416e-09,0.000000000000000
0,0.32,0.003,0,6.72473e-10,0.000000000000000
0,0.32,0.004,0,9.69942e-09,0.000000000000000
0,0.32,0.005,0,3.1305e-09,0.000000000000000
0,0.32,0.006,0,5.55905e-09,0.000000000000000
0,0.32,0.007,0,1.40809e-08,0.000000000000000
0,0.32,0.008,0,2.04712e-09,0.000000000000000
0,0.32,0.009,0,4.74812e-09,0.000000000000000
0,0.32,0.01,0,1.34892e-08,0.000000000000000
0,0.32,0.011,0,1.33604e-08,0.000000000000000
0,0.32,0.012,0,4.94361e-09,0.000000000000000
0,0.32,0.013,0,2.27337e-09,0.000000000000000
0,0.32,0.014,0,1.35707e-09,0.000000000000000
0,0.32,0.015,0,1.40038e-08,0.000000000000000
0,0.32,0.016,0,1.34479e-08,0.000000000000000
0,0.32,0.017,0,1.14675e-08,0.000000000000000
0,0.32,0.018,0,1.39615e-08,0.000000000000000
0,0.32,0.019,0,3.68919e-09,0.000000000000000
0,0.34,0,0,1.72627e-09,0.000000000000000
0,0.34,0.001,0,7.03576e-10,0.000000000000000
0,0.34,0.002,0,1.31705e-09,0.000000000000000
0,0.34,0.003,0,4.2652e-09,0.000000000000000
0,0.34,0.004,0,7.14374e-09,0.000000000000000
0,0.34,0.005,0,1.23861e-08,0.000000000000000
0,0.34,0.006,0,5.89947e-09,0.000000000000000
0,0.34,0.007,0,8.07226e-09,0.000000000000000
0,0.34,0.008,0,9.16518e-09,0.000000000000000
0,0.34,0.009,0,8.69737e-09,0.000000000000000
0,0.34,0.01,0,1.2449e-08,0.000000000000000
0,0.34,0.011,0,1.06709e-08,0.000000000000000
0,0.34,0.012,0,1.23533e-08,0.000000000000000
0,0.34,0.013,0,8.77701e-09,0.000000000000000
0,0.34,0.014,0,4.43418e-09,0.000000000000000
0,0.34,0.015,0,7.49385e-09,0.000000000000000
0,0.34,0.016,0,4.14478e-09,0.000000000000000
0,0.34,0.017,0,4.28036e-09,0.000000000000000
0,0.34,0.018,0,1.32254e-09,0.000000000000000
0,0.34,0.019,0,4.10055e-09,0.000000000000000
0,0.36,0,0,4.04647e-09,0.000000000000000
0,0.36,0.001,0,1.02763e-08,0.000000000000000
0,0.36,0.002,0,4.81703e-09,0.000000000000000
0,0.36,0.003,0,9.47576e-09,0.000000000000000
0,0.36,0.004,0,9.3789e-09,0.000000000000000
0,0.36,0.005,0,8.60449e-09,0.000000000000000
0,0.36,0.006,0,5.09495e-09,0.000000000000000
0,0.36,0.007,0,1.07278e-08,0.000000000000000
0,0.36,0.008,0,5.04565e-09,0.000000000000000
0,0.36,0.009,0,4.2706e-09,0.000000000000000
0,0.36,0.01,0,7.12436e-09,0.000000000000000
0,0.36,0.011,0,6.23026e-09,0.000000000000000
0,0.36,0.012,0,4.20173e-10,0.000000000000000
0,0.36,0.013,0,3.37597e-09,0.000000000000000
0,0.36,0.014,0,6.9117e-09,0.000000000000000
0,0.36,0.015,0,1.12016e-08,0.000000000000000
0,0.36,0.016,0,1.06966e-08,0.000000000000000
0,0.36,0.017,0,9.49829e-09,0.000000000000000
0,0.36,0.018,0,1.19192e-08,0.000000000000000
0,0.36,0.019,0,9.61659e-09,0.000000000000000
0,0.38,0,0,1.01337e-09,0.000000000000000
0,0.38,0.001,0,5.77448e-09,0.000000000000000
0,0.38,0.002,0,3.6381e-09,0.000000000000000
0,0.38,0.003,0,3.40034e-09,0.000000000000000
0,0.38,0.004,0,1.28322e-08,0.000000000000000
0,0.38,0.005,0,3.94765e-09,0.000000000000000
0,0.38,0.006,0,7.3478e-09,0.000000000000000
0,0.38,0.007,0,6.34341e-09,0.000000000000000
0,0.38,0.008,0,5.67303e-10,0.000000000000000
0,0.38,0.009,0,1.25417e-08,0.000000000000000
0,0.38,0.01,0,1.36142e-08,0.000000000000000
0,0.38,0.011,0,9.97497e-10,0.000000000000000
0,0.38,0.012,0,1.1339e-08,0.000000000000000
0,0.38,0.013,0,7.78394e-09,0.000000000000000
0,0.38,0.014,0,1.17464e-08,0.000000000000000
0,0.38,0.015,0,2.18323e-09,0.000000000000000
0,0.38,0.016,0,5.84353e-09,0.000000000000000
0,0.38,0.017,0,5.61619e-09,0.000000000000000
0,0.38,0.018,0,1.36874e-08,0.000000000000000
0,0.38,0.019,0,1.23843e-08,0.000000000000000
0,0.4,0,0,8.15632e-10,0.000000000000000
0,0.4,0.001,0,1.36017e-08,0.000000000000000
0,0.4,0.002,0,5.0018e-09,0.000000000000000
0,0.4,0.003,0,1.10882e-08,0.000000000000000
0,0.4,0.004,0,9.26457e-09,0.000000000000000
0,0.4,0.005,0,2.27822e-09,0.000000000000000
0,0.4,0.006,0,5.10263e-10,0.000000000000000
0,0.4,0.007,0,4.04599e-09,0.000000000000000
0,0.4,0.008,0,9.21701e-09,0.000000000000000
0,0.4,0.009,0,1.21557e-09,0.000000000000000
0,0.4,0.01,0,1.87738e-09,0.000000000000000
0,0.4,0.011,0,3.30642e-09,0.000000000000000
0,0.4,0.012,0,2.303e-09,0.000000000000000
0,0.4,0.013,0,4.35016e-09,0.000000000000000
0,0.4,0.014,0,1.00767e-08,0.000000000000000
0,0.4,0.015,0,1.47175e-09,0.000000000000000
0,0.4,0.016,0,3.05408e-09,0.000000000000000
0,0.4,0.017,0,9.83495e-09,0.000000000000000
0,0.4,0.018,0,9.54115e-09,0.000000000000000
0,0.4,0.019,0,5.72931e-09,0.000000000000000
0,0.42,0,0,1.26257e-08,0.000000000000000
0,0.42,0.001,0,5.04544e-09,0.000000000000000
0,0.42,0.002,0,6.1395e-09,0.000000000000000
0,0.42,0.003,0,1.42593e-08,0.000000000000000
0,0.42,0.004,0,1.33954e-08,0.000000000000000
0,0.42,0.005,0,5.67293e-09,0.000000000000000
0,0.42,0.006,0,1.21177e-11,0.000000000000000
0,0.42,0.007,0,1.28678e-08,0.000000000000000
0,0.42,0.008,0,1.3928e-08,0.000000000000000
0,0.42,0.009,0,6.29355e-09,0.000000000000000
0,0.42,0.01,0,1.39601e-08,0.000000000000000
0,0.42,0.011,0,1.00364e-08,0.000000000000000
0,0.42,0.012,0,3.91529e-09,0.000000000000000
0,0.42,0.013,0,4.30919e-09,0.000000000000000
0,0.42,0.014,0,4.06518e-09,0.000000000000000
0,0.42,0.015,0,2.09765e-09,0.000000000000000
0,0.42,0.016,0,1.16535e-08,0.000000000000000
0,0.42,0.017,0,5.28651e-09,0.000000000000000
0,0.42,0.018,0,4.66357e-09,0.000000000000000
0,0.42,0.019,0,7.91262e-09,0.000000000000000
0,0.44,0,0,1.08293e-08,0.000000000000000
0,0.44,0.001,0,1.34361e-08,0.000000000000000
0,0.44,0.002,0,5.27047e-09,0.000000000000000
0,0.44,0.003,0,5.37332e-09,0.000000000000000
0,0.44,0.004,0,1.23264e-08,0.000000000000000
0,0.44,0.005,0,4.60652e-09,0.000000000000000
0,0.44,0.006,0,1.00869e-08,0.000000000000000
0,0.44,0.007,0,5.68112e-09,0.000000000000000
0,0.44,0.008,0,7.59237e-09,0.000000000000000
0,0.44,0.009,0,2.99224e-09,0.000000000000000
0,0.44,0.01,0,1.99767e-09,0.000000000000000
0,0.44,0.011,0,5.47625e-11,0.000000000000000
0,0.44,0.012,0,1.0926e-08,0.000000000000000
0,0.44,0.013,0,8.16022e-09,0.000000000000000
0,0.44,0.014,0,1.33472e-08,0.000000000000000
0,0.44,0.015,0,1.19998e-09,0.000000000000000
0,0.44,0.016,0,2.02618e-09,0.000000000000000
0,0.44,0.017,0,8.48106e-09,0.000000000000000
0,0.44,0.018,0,1.01258e-08,0.000000000000000
0,0.44,0.019,0,2.79546e-09,0.000000000000000
0,0.46,0,0,7.5925e-09,0.000000000000000
0,0.46,0.001,0,2.80574e-09,0.000000000000000
0,0.46,0.002,0,5.22631e-09,0.000000000000000
0,0.46,0.003,0,3.17443e-10,0.000000000000000
0,0.46,0.004,0,1.41965e-08,0.000000000000000
0,0.46,0.005,0,5.04788e-09,0.000000000000000
0,0.46,0.006,0,1.16293e-08,0.000000000000000
0,0.46,0.007,0,9.04055e-09,0.000000000000000
0,0.46,0.008,0,8.93195e-09,0.000000000000000
0,0.46,0.009,0,1.37067e-08,0.000000000000000
0,0.46,0.01,0,4.97313e-09,0.000000000000000
0,0.46,0.011,0,5.14617e-09,0.000000000000000
0,0.46,0.012,0,1.35866e-08,0.000000000000000
0,0.46,0.013,0,4.14829e-09,0.000000000000000
0,0.46,0.014,0,1.19789e-08,0.000000000000000
0,0.46,0.015,0,6.15447e-09,0.000000000000000
0,0.46,0.016,0,7.03336e-09,0.000000000000000
0,0.46,0.017,0,6.40624e-09,0.000000000000000
0,0.46,0.018,0,1.31784e-08,0.000000000000000
0,0.46,0.019,0,1.35121e-09,0.000000000000000
0,0.48,0,0,1.06816e-08,0.000000000000000
0,0.48,0.001,0,7.85093e-09,0.000000000000000
0,0.48,0.002,0,8.52412e-09,0.000000000000000
0,0.48,0.003,0,7.50477e-09,0.000000000000000
0,0.48,0.004,0,5.86552e-09,0.000000000000000
0,0.48,0.005,0,9.91755e-10,0.000000000000000
0,0.48,0.006,0,1.32041e-08,0.000000000000000
0,0.48,0.007,0,3.49586e-09,0.000000000000000
0,0.48,0.008,0,3.79445e-09,0.000000000000000
0,0.48,0.009,0,8.0017e-09,0.000000000000000
0,0.48,0.01,0,1.23587e-08,0.000000000000000
0,0.48,0.011,0,1.30956e-08,0.000000000000000
0,0.48,0.012,0,5.93072e-09,0.000000000000000
0,0.48,0.013,0,5.06356e-09,0.000000000000000
0,0.48,0.014,0,8.6436e-09,0.000000000000000
0,0.48,0.015,0,5.09208e-09,0.000000000000000
0,0.48,0.016,0,5.62869e-09,0.000000000000000
0,0.48,0.017,0,4.46265e-09,0.000000000000000
0,0.48,0.018,0,1.12501e-08,0.000000000000000
0,0.48,0.019,0,1.83388e-09,0.000000000000000
0,0.5,0,0,5.21216e-09,0.000000000000000
0,0.5,0.001,0,2.8489e-09,0.000000000000000
0,0.5,0.002,0,1.08918e-08,0.000000000000000
0,0.5,0.003,0,8.68724e-09,0.000000000000000
0,0.5,0.004,0,5.74391e-09,0.000000000000000
0,0.5,0.005,0,7.44808e-09,0.000000000000000
0,0.5,0.006,0,2.26718e-09,0.000000000000000
0,0.5,0.007,0,7.12085e-09,0.000000000000000
0,0.5,0.008,0,3.51768e-10,0.000000000000000
0,0.5,0.009,0,2.36537e-09,0.000000000000000
0,0.5,0.01,0,1.39798e-08,0.000000000000000
0,0.5,0.011,0,1.17345e-08,0.000000000000000
0,0.5,0.012,0,6.04869e-09,0.000000000000000
0,0.5,0.013,0,1.40568e-08,0.000000000000000
0,0.5,0.014,0,7.51065e-09,0.000000000000000
0,0.5,0.015,0,6.74781e-09,0.000000000000000
0,0.5,0.016,0,3.0656e-09,0.000000000000000
0,0.5,0.017,0,9.36703e-10,0.000000000000000
0,0.5,0.018,0,3.06158e-09,0.000000000000000
0,0.5,0.019,0,6.40169e-09,0.000000000000000
0,0.52,0,0,5.3779e-09,0.000000000000000
0,0.52,0.001,0,1.1478e-08,0.000000000000000
0,0.52,0.002,0,1.11234e-08,0.000000000000000
0,0.52,0.003,0,4.70722e-09,0.000000000000000
0,0.52,0.004,0,1.10268e-08,0.000000000000000
0,0.52,0.005,0,6.23808e-09,0.000000000000000
0,0.52,0.006,0,2.63163e-09,0.000000000000000
0,0.52,0.007,0,5.94899e-09,0.000000000000000
0,0.52,0.008,0,1.25262e-08,0.000000000000000
0,0.52,0.009,0,4.49948e-09,0.000000000000000
0,0.52,0.01,0,7.91992e-09,0.000000000000000
0,0.52,0.011,0,9.08183e-09,0.000000000000000
0,0.52,0.012,0,4.05777e-09,0.000000000000000
0,0.52,0.013,0,2.15538e-09,0.000000000000000
0,0.52,0.014,0,8.9773e-09,0.000000000000000
0,0.52,0.015,0,4.76162e-09,0.000000000000000
0,0.52,0.016,0,1.21644e-08,0.000000000000000
0,0.52,0.017,0,3.9644e-09,0.000000000000000
0,0.52,0.018,0,6.39961e-09,0.000000000000000
0,0.52,0.019,0,9.39028e-09,0.000000000000000
0,0.54,0,0,1.28284e-09,0.000000000000000
0,0.54,0.001,0,9.46577e-09,0.000000000000000
0,0.54,0.002,0,1.29068e-08,0.000000000000000
0,0.54,0.003,0,1.39609e-08,0.000000000000000
0,0.54,0.004,0,1.23005e-08,0.000000000000000
0,0.54,0.005,0,1.07007e-08,0.000000000000000
0,0.54,0.006,0,3.44189e-09,0.000000000000000
0,0.54,0.007,0,1.23573e-08,0.000000000000000
0,0.54,0.008,0,4.65852e-09,0.000000000000000
0,0.54,0.009,0,7.32381e-09,0.000000000000000
0,0.54,0.01,0,8.16373e-09,0.000000000000000
0,0.54,0.011,0,4.14331e-09,0.000000000000000
0,0.54,0.012,0,1.27095e-08,0.000000000000000
0,0.54,0.013,0,1.84053e-09,0.000000000000000
0,0.54,0.014,0,3.57655e-09,0.000000000000000
0,0.54,0.015,0,1.04986e-08,0.000000000000000
0,0.54,0.016,0,3.88221e-10,0.000000000000000
0,0.54,0.017,0,1.31204e-08,0.000000000000000
0,0.54,0.018,0,9.36186e-09,0.000000000000000
0,0.54,0.019,0,9.83541e-09,0.000000000000000
0,0.56,0,0,7.16405e-09,0.000000000000000
0,0.56,0.001,0,5.06723e-09,0.000000000000000
0,0.56,0.002,0,8.9486e-09,0.000000000000000
0,0.56,0.003,0,1.26614e-08,0.000000000000000
0,0.56,0.004,0,2.4398e-09,0.000000000000000
0,0.56,0.005,0,9.00748e-10,0.000000000000000
0,0.56,0.006,0,8.12835e-09,0.000000000000000
0,0.56,0.007,0,2.32642e-10,0.000000000000000
0,0.56,0.008,0,1.14554e-08,0.000000000000000
0,0.56,0.009,0,9.2851e-09,0.000000000000000
0,0.56,0.01,0,1.18084e-08,0.000000000000000
0,0.56,0.011,0,7.99869e-09,0.000000000000000
0,0.56,0.012,0,4.16625e-09,0.000000000000000
0,0.56,0.013,0,6.25797e-10,0.000000000000000
0,0.56,0.014,0,7.98083e-09,0.000000000000000
0,0.56,0.015,0,5.63249e-09,0.000000000000000
0,0.56,0.016,0,9.03048e-09,0.000000000000000
0,0.56,0.017,0,1.33877e-08,0.000000000000000
0,0.56,0.018,0,7.18474e-09,0.000000000000000
0,0.56,0.019,0,2.05901e-09,0.000000000000000
0,0.58,0,0,4.21728e-09,0.000000000000000
0,0.58,0.001,0,8.42191e-09,0.000000000000000
0,0.58,0.002,0,3.09608e-10,0.000000000000000
0,0.58,0.003,0,7.58203e-09,0.000000000000000
0,0.58,0.004,0,1.98464e-09,0.000000000000000
0,0.58,0.005,0,1.21345e-08,0.000000000000000
0,0.58,0.006,0,7.0107e-09,0.000000000000000
0,0.58,0.007,0,4.43366e-09,0.000000000000000
0,0.58,0.008,0,1.33162e-08,0.000000000000000
0,0.58,0.009,0,5.39348e-09,0.000000000000000
0,0.58,0.01,0,3.42649e-09,0.000000000000000
0,0.58,0.011,0,1.24683e-08,0.000000000000000
0,0.58,0.012,0,5.67262e-09,0.000000000000000
0,0.58,0.013,0,2.79019e-09,0.000000000000000
0,0.58,0.014,0,3.33167e-09,0.000000000000000
0,0.58,0.015,0,6.2463e-09,0.000000000000000
0,0.58,0.016,0,3.93353e-09,0.000000000000000
0,0.58,0.017,0,8.91399e-10,0.000000000000000
0,0.58,0.018,0,5.36504e-10,0.000000000000000
0,0.58,0.019,0,2.46786e-09,0.000000000000000
0,0.6,0,0,1.08239e-08,0.000000000000000
0,0.6,0.001,0,1.40222e-08,0.000000000000000
0,0.6,0.002,0,9.98149e-09,0.000000000000000
0,0.6,0.003,0,9.92884e-09,0.000000000000000
0,0.6,0.004,0,1.35407e-08,0.000000000000000
0,0.6,0.005,0,8.03907e-09,0.000000000000000
0,0.6,0.006,0,7.21374e-09,0.000000000000000
0,0.6,0.007,0,1.3215e-08,0.000000000000000
0,0.6,0.008,0,1.1008e-08,0.000000000000000
0,0.6,0.009,0,6.01053e-09,0.000000000000000
0,0.6,0.01,0,7.86683e-09,0.000000000000000
0,0.6,0.011,0,1.67397e-09,0.000000000000000
0,0.6,0.012,0,3.34253e-09,0.000000000000000
0,0.6,0.013,0,1.3475e-08,0.000000000000000
0,0.6,0.014,0,9.46167e-09,0.000000000000000
0,0.6,0.015,0,9.67489e-09,0.000000000000000
0,0.6,0.016,0,1.07449e-08,0.000000000000000
0,0.6,0.017,0,4.0451e-09,0.000000000000000
0,0.6,0.018,0,7.41428e-10,0.000000000000000
0,0.6,0.019,0,1.08125e-08,0.000000000000000
0,0.62,0,0,1.14514e-08,0.000000000000000
0,0.62,0.001,0,9.08946e-09,0.000000000000000
0,0.62,0.002,0,1.04857e-08,0.000000000000000
0,0.62,0.003,0,3.94691e-09,0.000000000000000
0,0.62,0.004,0,7.15959e-09,0.000000000000000
0,0.62,0.005,0,7.25203e-09,0.000000000000000
0,0.62,0.006,0,4.18544e-11,0.000000000000000
0,0.62,0.007,0,5.99439e-09,0.000000000000000
0,0.62,0.008,0,6.76352e-09,0.000000000000000
0,0.62,0.009,0,6.4937e-09,0.000000000000000
0,0.62,0.01,0,1.4182e-09,0.000000000000000
0,0.62,0.011,0,1.24139e-08,0.000000000000000
0,0.62,0.012,0,1.20393e-09,0.000000000000000
0,0.62,0.013,0,1.00295e-08,0.000000000000000
0,0.62,0.014,0,3.89422e-09,0.000000000000000
0,0.62,0.015,0,1.05824e-08,0.000000000000000
0,0.62,0.016,0,8.31612e-09,0.000000000000000
0,0.62,0.017,0,8.27578e-09,0.000000000000000
0,0.62,0.018,0,1.17556e-08,0.000000000000000
0,0.62,0.019,0,3.49783e-09,0.000000000000000
0,0.64,0,0,2.12195e-09,0.000000000000000
0,0.64,0.001,0,1.34676e-08,0.000000000000000
0,0.64,0.002,0,7.89808e-09,0.000000000000000
0,0.64,0.003,0,1.47502e-09,0.000000000000000
0,0.64,0.004,0,5.00872e-09,0.000000000000000
0,0.64,0.005,0,3.66748e-09,0.000000000000000
0,0.64,0.006,0,4.55511e-10,0.000000000000000
0,0.64,0.007,0,1.0484e-08,0.000000000000000
0,0.64,0.008,0,1.25189e-08,0.000000000000000
0,0.64,0.009,0,1.34696e-08,0.000000000000000
0,0.64,0.01,0,9.69184e-10,0.000000000000000
0,0.64,0.011,0,1.30896e-08,0.000000000000000
0,0.64,0.012,0,9.86864e-09,0.000000000000000
0,0.64,0.013,0,5.59678e-09,0.000000000000000
0,0.64,0.014,0,3.79697e-09,0.000000000000000
0,0.64,0.015,0,1.28116e-08,0.000000000000000
0,0.64,0.016,0,9.56684e-09,0.000000000000000
0,0.64,0.017,0,1.07933e-08,0.000000000000000
0,0.64,0.018,0,1.25851e-08,0.000000000000000
0,0.64,0.019,0,8.47581e-09,0.000000000000000
0,0.66,0,0,1.29319e-08,0.000000000000000
0,0.66,0.001,0,7.55753e-09,0.000000000000000
0,0.66,0.002,0,1.26085e-08,0.000000000000000
0,0.66,0.003,0,1.12494e-08,0.000000000000000
0,0.66,0.004,0,1.03337e-08,0.000000000000000
0,0.66,0.005,0,4.95073e-09,0.000000000000000
0,0.66,0.006,0,1.04798e-08,0.000000000000000
0,0.66,0.007,0,1.24347e-08,0.000000000000000
0,0.66,0.008,0,4.10294e-09,0.000000000000000
0,0.66,0.009,0,1.26028e-08,0.000000000000000
0,0.66,0.01,0,3.80559e-09,0.000000000000000
0,0.66,0.011,0,1.04799e-08,0.000000000000000
0,0.66,0.012,0,1.27939e-08,0.000000000000000
0,0.66,0.013,0,6.98329e-09,0.000000000000000
0,0.66,0.014,0,1.34424e-08,0.000000000000000
0,0.66,0.015,0,6.84552e-09,0.000000000000000
0,0.66,0.016,0,1.53073e-09,0.000000000000000
0,0.66,0.017,0,1.41405e-08,0.000000000000000
0,0.66,0.018,0,6.26632e-09,0.000000000000000
0,0.66,0.019,0,5.60311e-09,0.000000000000000
0,0.68,0,0,6.10874e-09,0.000000000000000
0,0.68,0.001,0,6.89949e-09,0.000000000000000
0,0.68,0.002,0,4.31454e-09,0.000000000000000
0,0.68,0.003,0,6.50844e-09,0.000000000000000
0,0.68,0.004,0,1.00871e-08,0.000000000000000
0,0.68,0.005,0,1.18485e-08,0.000000000000000
0,0.68,0.006,0,3.95544e-09,0.000000000000000
0,0.68,0.007,0,9.75653e-09,0.000000000000000
0,0.68,0.008,0,4.95547e-09,0.000000000000000
0,0.68,0.009,0,9.66828e-10,0.000000000000000
0,0.68,0.01,0,9.77074e-09,0.000000000000000
0,0.68,0.011,0,1.24389e-08,0.000000000000000
0,0.68,0.012,0,3.43509e-09,0.000000000000000
0,0.68,0.013,0,1.22947e-08,0.000000000000000
0,0.68,0.014,0,4.601e-09,0.000000000000000
0,0.68,0.015,0,6.0629e-09,0.000000000000000
0,0.68,0.016,0,1.06745e-08,0.000000000000000
0,0.68,0.017,0,4.22549e-10,0.000000000000000
0,0.68,0.018,0,1.30629e-08,0.000000000000000
0,0.68,0.019,0,1.23218e-08,0.000000000000000
0,0.7,0,0,9.92805e-09,0.000000000000000
0,0.7,0.001,0,1.13867e-08,0.000000000000000
0,0.7,0.002,0,1.18551e-09,0.000000000000000
0,0.7,0.003,0,1.37571e-08,0.000000000000000
0,0.7,0.004,0,7.47316e-09,0.000000000000000
0,0.7,0.005,0,1.86725e-09,0.000000000000000
0,0.7,0.006,0,6.04181e-11,0.000000000000000
0,0.7,0.007,0,1.17603e-08,0.000000000000000
0,0.7,0.008,0,2.00962e-09,0.000000000000000
0,0.7,0.009,0,8.75438e-10,0.000000000000000
0,0.7,0.01,0,6.63243e-09,0.000000000000000
0,0.7,0.011,0,1.13068e-08,0.000000000000000
0,0.7,0.012,0,4.46092e-09,0.000000000000000
0,0.7,0.013,0,1.62874e-09,0.000000000000000
0,0.7,0.014,0,1.28353e-09,0.000000000000000
0,0.7,0.015,0,5.66775e-10,0.000000000000000
0,0.7,0.016,0,6.75844e-09,0.000000000000000
0,0.7,0.017,0,1.38932e-08,0.000000000000000
0,0.7,0.018,0,3.597e-09,0.000000000000000
0,0.7,0.019,0,4.80362e-09,0.000000000000000
0,0.72,0,0,1.13296e-08,0.000000000000000
0,0.72,0.001,0,9.22117e-09,0.000000000000000
0,0.72,0.002,0,9.89301e-09,0.000000000000000
0,0.72,0.003,0,5.99082e-09,0.000000000000000
0,0.72,0.004,0,4.82478e-09,0.000000000000000
0,0.72,0.005,0,8.88899e-09,0.000000000000000
0,0.72,0.006,0,9.74069e-09,0.000000000000000
0,0.72,0.007,0,9.01687e-09,0.000000000000000
0,0.72,0.008,0,1.7493e-09,0.000000000000000
0,0.72,0.009,0,5.97946e-09,0.000000000000000
0,0.72,0.01,0,4.52364e-09,0.000000000000000
0,0.72,0.011,0,4.31822e-09,0.000000000000000
0,0.72,0.012,0,1.35298e-08,0.000000000000000
0,0.72,0.013,0,8.22025e-09,0.000000000000000
0,0.72,0.014,0,7.71052e-09,0.000000000000000
0,0.72,0.015,0,6.34859e-09,0.000000000000000
0,0.72,0.016,0,2.1491e-09,0.000000000000000
0,0.72,0.017,0,3.47102e-09,0.000000000000000
0,0.72,0.018,0,6.29006e-09,0.000000000000000
0,0.72,0.019,0,6.08292e-09,0.000000000000000
0,0.74,0,0,1.38003e-08,0.000000000000000
0,0.74,0.001,0,1.88946e-09,0.000000000000000
0,0.74,0.002,0,9.14753e-10,0.000000000000000
0,0.74,0.003,0,4.30187e-10,0.000000000000000
0,0.74,0.004,0,1.19061e-08,0.000000000000000
0,0.74,0.005,0,1.01982e-08,0.000000000000000
0,0.74,0.006,0,2.75497e-09,0.000000000000000
0,0.74,0.007,0,1.40917e-08,0.000000000000000
0,0.74,0.008,0,1.03861e-08,0.000000000000000
0,0.74,0.009,0,1.2516e-08,0.000000000000000
0,0.74,0.01,0,6.50099e-09,0.000000000000000
0,0.74,0.011,0,4.12243e-09,0.000000000000000
0,0.74,0.012,0,5.73514e-10,0.000000000000000
0,0.74,0.013,0,8.92019e-10,0.000000000000000
0,0.74,0.014,0,8.53203e-09,0.000000000000000
0,0.74,0.015,0,1.16343e-09,0.000000000000000
0,0.74,0.016,0,9.42819e-09,0.000000000000000
0,0.74,0.017,0,3.91159e-09,0.000000000000000
0,0.74,0.018,0,5.20573e-09,0.000000000000000
0,0.74,0.019,0,8.71811e-09,0.000000000000000
0,0.76,0,0,1.09545e-08,0.000000000000000
0,0.76,0.001,0,6.13587e-09,0.000000000000000
0,0.76,0.002,0,4.75024e-09,0.000000000000000
0,0.76,0.003,0,1.13249e-08,0.000000000000000
0,0.76,0.004,0,1.39637e-08,0.000000000000000
0,0.76,0.005,0,2.27309e-09,0.000000000000000
0,0.76,0.006,0,2.69487e-09,0.000000000000000
0,0.76,0.007,0,1.39548e-08,0.000000000000000
0,0.76,0.008,0,1.21822e-08,0.000000000000000
0,0.76,0.009,0,1.49095e-09,0.000000000000000
0,0.76,0.01,0,4.61434e-09,0.000000000000000
0,0.76,0.011,0,1.41516e-08,0.000000000000000
0,0.76,0.012,0,4.98123e-09,0.000000000000000
0,0.76,0.013,0,1.70459e-09,0.000000000000000
0,0.76,0.014,0,1.07799e-08,0.000000000000000
0,0.76,0.015,0,6.21885e-10,0.000000000000000
0,0.76,0.016,0,1.38373e-08,0.000000000000000
0,0.76,0.017,0,6.02848e-09,0.000000000000000
0,0.76,0.018,0,1.36632e-08,0.000000000000000
0,0.76,0.019,0,7.1648e-09,0.000000000000000
0,0.78,0,0,1.36101e-08,0.000000000000000
0,0.78,0.001,0,1.00591e-08,0.000000000000000
0,0.78,0.002,0,6.12078e-09,0.000000000000000
0,0.78,0.003,0,9.93588e-09,0.000000000000000
0,0.78,0.004,0,5.83411e-09,0.000000000000000
0,0.78,0.005,0,1.38127e-08,0.000000000000000
0,0.78,0.006,0,7.94066e-09,0.000000000000000
0,0.78,0.007,0,1.96787e-09,0.000000000000000
0,0.78,0.008,0,4.46739e-10,0.000000000000000
0,0.78,0.009,0,8.07961e-09,0.000000000000000
0,0.78,0.01,0,2.05608e-09,0.000000000000000
0,0.78,0.011,0,1.15671e-08,0.000000000000000
0,0.78,0.012,0,5.01846e-10,0.000000000000000
0,0.78,0.013,0,1.2615e-08,0.000000000000000
0,0.78,0.014,0,1.38777e-09,0.000000000000000
0,0.78,0.015,0,6.06596e-09,0.000000000000000
0,0.78,0.016,0,1.36119e-08,0.000000000000000
0,0.78,0.017,0,2.70473e-09,0.000000000000000
0,0.78,0.018,0,1.14885e-08,0.000000000000000
0,0.78,0.019,0,3.95009e-09,0.000000000000000
0,0.8,0,0,8.91083e-09,0.000000000000000
0,0.8,0.001,0,5.26689e-09,0.000000000000000
0,0.8,0.002,0,2.98024e-09,0.000000000000000
0,0.8,0.003,0,7.24869e-09,0.000000000000000
0,0.8,0.004,0,8.12801e-09,0.000000000000000
0,0.8,0.005,0,1.35962e-08,0.000000000000000
0,0.8,0.006,0,7.50067e-09,0.000000000000000
0,0.8,0.007,0,8.1497e-09,0.000000000000000
0,0.8,0.008,0,4.97455e-09,0.000000000000000
0,0.8,0.009,0,3.1645e-09,0.000000000000000
0,0.8,0.01,0,1.34887e-09,0.000000000000000
0,0.8,0.011,0,1.393e-08,0.000000000000000
0,0.8,0.012,0,1.09469e-08,0.000000000000000
0,0.8,0.013,0,1.29218e-08,0.000000000000000
0,0.8,0.014,0,7.38912e-09,0.000000000000000
0,0.8,0.015,0,6.3387e-09,0.000000000000000
0,0.8,0.016,0,1.17242e-08,0.000000000000000
0,0.8,0.017,0,8.55969e-09,0.000000000000000
0,0.8,0.018,0,3.85421e-09,0.000000000000000
0,0.8,0.019,0,7.43032e-09,0.000000000000000
0,0.82,0,0,7.54795e-09,0.000000000000000
0,0.82,0.001,0,1.20367e-08,0.000000000000000
0,0.82,0.002,0,9.00387e-09,0.000000000000000
0,0.82,0.003,0,1.41414e-08,0.000000000000000
0,0.82,0.004,0,1.12816e-08,0.000000000000000
0,0.82,0.005,0,1.16431e-08,0.000000000000000
0,0.82,0.006,0,1.21885e-08,0.000000000000000
0,0.82,0.007,0,2.18084e-09,0.000000000000000
0,0.82,0.008,0,4.3797e-10,0.000000000000000
0,0.82,0.009,0,1.2893e-08,0.000000000000000
0,0.82,0.01,0,9.78027e-09,0.000000000000000
0,0.82,0.011,0,1.04575e-08,0.000000000000000
0,0.82,0.012,0,9.93992e-09,0.000000000000000
0,0.82,0.013,0,6.67988e-09,0.000000000000000
0,0.82,0.014,0,6.14971e-09,0.000000000000000
0,0.82,0.015,0,5.0037e-09,0.000000000000000
0,0.82,0.016,0,2.4485e-09,0.000000000000000
0,0.82,0.017,0,6.5982e-09,0.000000000000000
0,0.82,0.018,0,4.06113e-09,0.000000000000000
0,0.82,0.019,0,1.06072e-08,0.000000000000000
0,0.84,0,0,8.25876e-10,0.000000000000000
0,0.84,0.001,0,1.23495e-08,0.000000000000000
0,0.84,0.002,0,1.31817e-08,0.000000000000000
0,0.84,0.003,0,4.6216e-09,0.000000000000000
0,0.84,0.004,0,8.4774e-09,0.000000000000000
0,0.84,0.005,0,3.78785e-09,0.000000000000000
0,0.84,0.006,0,1.04072e-08,0.000000000000000
0,0.84,0.007,0,7.81075e-09,0.000000000000000
0,0.84,0.008,0,6.96839e-10,0.000000000000000
0,0.84,0.009,0,1.41902e-08,0.000000000000000
0,0.84,0.01,0,4.03635e-09,0.000000000000000
0,0.84,0.011,0,1.27064e-08,0.000000000000000
0,0.84,0.012,0,4.76373e-09,0.000000000000000
0,0.84,0.013,0,4.23374e-09,0.000000000000000
0,0.84,0.014,0,1.04573e-09,0.000000000000000
0,0.84,0.015,0,1.40643e-08,0.000000000000000
0,0.84,0.016,0,6.49227e-09,0.000000000000000
0,0.84,0.017,0,5.27171e-11,0.000000000000000
0,0.84,0.018,0,1.38641e-08,0.000000000000000
0,0.84,0.019,0,9.60826e-09,0.000000000000000
0,0.86,0,0,9.63888e-09,0.000000000000000
0,0.86,0.001,0,7.05398e-09,0.000000000000000
0,0.86,0.002,0,7.99207e-10,0.000000000000000
0,0.86,0.003,0,8.97911e-09,0.000000000000000
0,0.86,0.004,0,9.8803e-09,0.000000000000000
0,0.86,0.005,0,6.10897e-09,0.000000000000000
0,0.86,0.006,0,3.32844e-09,0.000000000000000
0,0.86,0.007,0,8.92797e-09,0.000000000000000
0,0.86,0.008,0,6.59798e-09,0.000000000000000
0,0.86,0.009,0,1.03822e-08,0.000000000000000
0,0.86,0.01,0,1.27887e-08,0.000000000000000
0,0.86,0.011,0,9.85788e-09,0.000000000000000
0,0.86,0.012,0,3.97702e-09,0.000000000000000
0,0.86,0.013,0,6.14921e-09,0.000000000000000
0,0.86,0.014,0,8.0445e-09,0.000000000000000
0,0.86,0.015,0,2.0136e-09,0.000000000000000
0,0.86,0.016,0,9.66195e-09,0.000000000000000
0,0.86,0.017,0,1.04009e-09,0.000000000000000
0,0.86,0.018,0,5.71467e-10,0.000000000000000
0,0.86,0.019,0,6.84651e-09,0.000000000000000
0,0.88,0,0,5.19003e-10,0.000000000000000
0,0.88,0.001,0,1.36396e-08,0.000000000000000
0,0.88,0.002,0,1.30424e-08,0.000000000000000
0,0.88,0.003,0,5.00793e-09,0.000000000000000
0,0.88,0.004,0,9.97033e-09,0.000000000000000
0,0.88,0.005,0,6.52099e-10,0.000000000000000
0,0.88,0.006,0,1.37448e-08,0.000000000000000
0,0.88,0.007,0,1.32744e-08,0.000000000000000
0,0.88,0.008,0,9.65039e-09,0.000000000000000
0,0.88,0.009,0,9.81697e-09,0.000000000000000
0,0.88,0.01,0,6.23361e-09,0.000000000000000
0,0.88,0.011,0,2.22904e-09,0.000000000000000
0,0.88,0.012,0,5.11238e-09,0.000000000000000
0,0.88,0.013,0,5.56791e-09,0.000000000000000
0,0.88,0.014,0,1.35015e-09,0.000000000000000
0,0.88,0.015,0,1.20295e-08,0.000000000000000
0,0.88,0.016,0,1.36755e-08,0.000000000000000
0,0.88,0.017,0,5.78666e-09,0.000000000000000
0,0.88,0.018,0,3.05751e-09,0.000000000000000
0,0.88,0.019,0,4.83607e-09,0.000000000000000
0,0.9,0,0,1.3302e-08,0.000000000000000
0,0.9,0.001,0,5.93248e-09,0.000000000000000
0,0.9,0.002,0,1.21088e-08,0.000000000000000
0,0.9,0.003,0,3.53394e-09,0.000000000000000
0,0.9,0.004,0,1.41831e-08,0.000000000000000
0,0.9,0.005,0,3.89842e-09,0.000000000000000
0,0.9,0.006,0,2.39057e-09,0.000000000000000
0,0.9,0.007,0,8.6447e-09,0.000000000000000
0,0.9,0.008,0,5.24532e-09,0.000000000000000
0,0.9,0.009,0,1.65973e-09,0.000000000000000
0,0.9,0.01,0,4.22442e-10,0.000000000000000
0,0.9,0.011,0,1.70609e-09,0.000000000000000
0,0.9,0.012,0,2.81681e-09,0.000000000000000
0,0.9,0.013,0,9.48397e-09,0.000000000000000
0,0.9,0.014,0,9.64907e-09,0.000000000000000
0,0.9,0.015,0,6.68113e-09,0.000000000000000
0,0.9,0.016,0,1.27368e-08,0.000000000000000
0,0.9,0.017,0,3.81485e-09,0.000000000000000
0,0.9,0.018,0,6.97608e-09,0.000000000000000
0,0.9,0.019,0,1.18921e-08,0.000000000000000
0,0.92,0,0,4.57739e-09,0.000000000000000
0,0.92,0.001,0,3.11998e-09,0.000000000000000
0,0.92,0.002,0,5.3345e-09,0.000000000000000
0,0.92,0.003,0,1.09705e-08,0.000000000000000
0,0.92,0.004,0,1.60813e-09,0.000000000000000
0,0.92,0.005,0,4.69043e-09,0.000000000000000
0,0.92,0.006,0,1.10899e-08,0.000000000000000
0,0.92,0.007,0,7.90153e-09,0.000000000000000
0,0.92,0.008,0,2.82609e-09,0.000000000000000
0,0.92,0.009,0,1.14032e-08,0.000000000000000
0,0.92,0.01,0,5.69417e-09,0.000000000000000
0,0.92,0.011,0,1.32436e-08,0.000000000000000
0,0.92,0.012,0,1.33155e-08,0.000000000000000
0,0.92,0.013,0,9.77451e-09,0.000000000000000
0,0.92,0.014,0,5.43927e-09,0.000000000000000
0,0.92,0.015,0,8.27715e-10,0.000000000000000
0,0.92,0.016,0,7.03399e-09,0.000000000000000
0,0.92,0.017,0,1.89839e-09,0.000000000000000
0,0.92,0.018,0,2.38579e-09,0.000000000000000
0,0.92,0.019,0,9.14757e-09,0.000000000000000
0,0.94,0,0,1.61053e-09,0.000000000000000
0,0.94,0.001,0,3.08631e-09,0.000000000000000
0,0.94,0.002,0,4.11738e-09,0.000000000000000
0,0.94,0.003,0,1.26414e-08,0.000000000000000
0,0.94,0.004,0,1.3832e-08,0.000000000000000
0,0.94,0.005,0,5.96872e-09,0.000000000000000
0,0.94,0.006,0,8.77186e-09,0.000000000000000
0,0.94,0.007,0,9.96197e-09,0.000000000000000
0,0.94,0.008,0,4.04584e-09,0.000000000000000
0,0.94,0.009,0,2.89504e-09,0.000000000000000
0,0.94,0.01,0,1.13357e-08,0.000000000000000
0,0.94,0.011,0,1.3275e-08,0.000000000000000
0,0.94,0.012,0,5.91511e-10,0.000000000000000
0,0.94,0.013,0,2.24799e-09,0.000000000000000
0,0.94,0.014,0,1.06523e-08,0.000000000000000
0,0.94,0.015,0,3.61739e-09,0.000000000000000
0,0.94,0.016,0,9.87277e-09,0.000000000000000
0,0.94,0.017,0,3.36741e-09,0.000000000000000
0,0.94,0.018,0,1.00056e-08,0.000000000000000
0,0.94,0.019,0,7.86104e-09,0.000000000000000
0,0.96,0,0,9.81014e-09,0.000000000000000
0,0.96,0.001,0,1.80595e-09,0.000000000000000
0,0.96,0.002,0,1.31616e-08,0.000000000000000
0,0.96,0.003,0,7.30918e-09,0.000000000000000
0,0.96,0.004,0,3.84228e-09,0.000000000000000
0,0.96,0.005,0,1.22933e-08,0.000000000000000
0,0.96,0.006,0,7.80536e-09,0.000000000000000
0,0.96,0.007,0,5.36847e-09,0.000000000000000
0,0.96,0.008,0,4.64768e-09,0.000000000000000
0,0.96,0.009,0,6.23541e-09,0.000000000000000
0,0.96,0.01,0,9.34795e-09,0.000000000000000
0,0.96,0.011,0,9.97201e-09,0.000000000000000
0,0.96,0.012,0,7.00952e-09,0.000000000000000
0,0.96,0.013,0,8.64734e-09,0.000000000000000
0,0.96,0.014,0,1.08878e-08,0.000000000000000
0,0.96,0.015,0,4.97882e-10,0.000000000000000
0,0.96,0.016,0,1.12436e-08,0.000000000000000
0,0.96,0.017,0,1.20823e-08,0.000000000000000
0,0.96,0.018,0,5.24935e-09,0.000000000000000
0,0.96,0.019,0,7.35594e-09,0.000000000000000
0,0.98,0,0,8.00557e-09,0.000000000000000
0,0.98,0.001,0,1.37022e-08,0.000000000000000
0,0.98,0.002,0,8.94656e-10,0.000000000000000
0,0.98,0.003,0,6.41636e-09,0.000000000000000
0,0.98,0.004,0,4.11727e-09,0.000000000000000
0,0.98,0.005,0,7.23474e-09,0.000000000000000
0,0.98,0.006,0,6.52603e-09,0.000000000000000
0,0.98,0.007,0,1.13873e-08,0.000000000000000
0,0.98,0.008,0,2.92927e-09,0.000000000000000
0,0.98,0.009,0,4.24057e-10,0.000000000000000
0,0.98,0.01,0,1.41668e-08,0.000000000000000
0,0.98,0.011,0,8.90482e-10,0.000000000000000
0,0.98,0.012,0,6.6393e-09,0.000000000000000
0,0.98,0.013,0,1.87141e-09,0.000000000000000
0,0.98,0.014,0,9.55922e-09,0.000000000000000
0,0.98,0.015,0,2.46555e-09,0.000000000000000
0,0.98,0.016,0,9.40487e-09,0.000000000000000
0,0.98,0.017,0,1.00545e-08,0.000000000000000
0,0.98,0.018,0,6.63945e-09,0.000000000000000
0,0.98,0.019,0,6.47129e-09,0.000000000000000
0,1,0,0,1.28764e-08,0.000000000000000
0,1,0.001,0,1.28599e-08,0.000000000000000
0,1,0.002,0,8.72613e-09,0.000000000000000
0,1,0.003,0,1.10552e-08,0.000000000000000
0,1,0.004,0,1.16121e-09,0.000000000000000
0,1,0.005,0,2.3757e-09,0.000000000000000
0,1,0.006,0,1.09223e-08,0.000000000000000
0,1,0.007,0,4.67881e-09,0.000000000000000
0,1,0.008,0,1.2812e-08,0.000000000000000
0,1,0.009,0,1.01617e-08,0.000000000000000
0,1,0.01,0,5.63387e-09,0.000000000000000
0,1,0.011,0,8.08501e-09,0.000000000000000
0,1,0.012,0,3.99206e-09,0.000000000000000
0,1,0.013,0,1.08388e-08,0.000000000000000
0,1,0.014,0,2.28206e-09,0.000000000000000
0,1,0.015,0,1.08608e-08,0.000000000000000
0,1,0.016,0,3.16748e-09,0.000000000000000
0,1,0.017,0,7.92463e-09,0.000000000000000
0,1,0.018,0,3.64756e-09,0.000000000000000
0,1,0.019,0,1.03993e-09,0.000000000000000
0,1.02,0,0,8.06039e-09,0.000000000000000
0,1.02,0.001,0,7.10474e-09,0.000000000000000
0,1.02,0.002,0,5.20259e-09,0.000000000000000
0,1.02,0.003,0,6.82233e-09,0.000000000000000
0,1.02,0.004,0,1.16313e-09,0.000000000000000
0,1.02,0.005,0,1.12868e-08,0.000000000000000
0,1.02,0.006,0,6.58126e-09,0.000000000000000
0,1.02,0.007,0,9.36847e-09,0.000000000000000
0,1.02,0.008,0,5.55344e-09,0.000000000000000
0,1.02,0.009,0,5.84766e-09,0.000000000000000
0,1.02,0.01,0,1.40129e-08,0.000000000000000
0,1.02,0.011,0,1.14013e-08,0.000000000000000
0,1.02,0.012,0,7.5975e-09,0.000000000000000
0,1.02,0.013,0,8.32249e-09,0.000000000000000
0,1.02,0.014,0,2.91621e-09,0.000000000000000
0,1.02,0.015,0,1.14119e-08,0.000000000000000
0,1.02,0.016,0,5.91642e-10,0.000000000000000
0,1.02,0.017,0,5.42105e-09,0.000000000000000
0,1.02,0.018,0,5.09008e-09,0.000000000000000
0,1.02,0.019,0,1.74971e-09,0.000000000000000
0,1.04,0,0,3.14689e-09,0.000000000000000
0,1.04,0.001,0,4.32436e-09,0.000000000000000
0,1.04,0.002,0,4.28124e-09,0.000000000000000
0,1.04,0.003,0,1.15834e-08,0.000000000000000
0,1.04,0.004,0,2.51479e-09,0.000000000000000
0,1.04,0.005,0,1.22904e-08,0.000000000000000
0,1.04,0.006,0,1.69362e-09,0.000000000000000
0,1.04,0.007,0,1.11984e-08,0.000000000000000
0,1.04,0.008,0,6.3018e-09,0.000000000000000
0,1.04,0.009,0,9.3623e-09,0.000000000000000
0,1.04,0.01,0,9.62532e-09,0.000000000000000
0,1.04,0.011,0,1.51358e-11,0.000000000000000
0,1.04,0.012,0,1.10069e-08,0.000000000000000
0,1.04,0.013,0,7.41498e-10,0.000000000000000
0,1.04,0.014,0,1.03722e-08,0.000000000000000
0,1.04,0.015,0,7.25967e-09,0.000000000000000
0,1.04,0.016,0,1.37619e-08,0.000000000000000
0,1.04,0.017,0,1.8511e-09,0.000000000000000
0,1.04,0.018,0,1.42558e-08,0.000000000000000
0,1.04,0.019,0,1.71792e-09,0.000000000000000
0,1.06,0,0,1.02258e-08,0.000000000000000
0,1.06,0.001,0,5.16143e-09,0.000000000000000
0,1.06,0.002,0,1.42361e-08,0.000000000000000
0,1.06,0.003,0,1.373e-08,0.000000000000000
0,1.06,0.004,0,5.13392e-09,0.000000000000000
0,1.06,0.005,0,8.42638e-09,0.000000000000000
0,1.06,0.006,0,1.54559e-09,0.000000000000000
0,1.06,0.007,0,1.85985e-09,0.000000000000000
0,1.06,0.008,0,1.21732e-08,0.000000000000000
0,1.06,0.009,0,4.22078e-10,0.000000000000000
0,1.06,0.01,0,1.05622e-08,0.000000000000000
0,1.06,0.011,0,8.63845e-09,0.000000000000000
0,1.06,0.012,0,8.82125e-09,0.000000000000000
0,1.06,0.013,0,1.18021e-08,0.000000000000000
0,1.06,0.014,0,4.01321e-09,0.000000000000000
0,1.06,0.015,0,5.10184e-09,0.000000000000000
0,1.06,0.016,0,5.67074e-09,0.000000000000000
0,1.06,0.017,0,8.47161e-09,0.000000000000000
0,1.06,0.018,0,2.28086e-09,0.000000000000000
0,1.06,0.019,0,9.36453e-09,0.000000000000000
0,1.08,0,0,1.02116e-08,0.000000000000000
0,1.08,0.001,0,5.39091e-09,0.000000000000000
0,1.08,0.002,0,1.17052e-09,0.000000000000000
0,1.08,0.003,0,1.09924e-08,0.000000000000000
0,1.08,0.004,0,3.35922e-10,0.000000000000000
0,1.08,0.005,0,4.93446e-09,0.000000000000000
0,1.08,0.006,0,2.17622e-09,0.000000000000000
0,1.08,0.007,0,5.32937e-09,0.000000000000000
0,1.08,0.008,0,9.69534e-09,0.000000000000000
0,1.08,0.009,0,6.68178e-09,0.000000000000000
0,1.08,0.01,0,7.27499e-09,0.000000000000000
0,1.08,0.011,0,1.27994e-08,0.000000000000000
0,1.08,0.012,0,1.18179e-08,0.000000000000000
0,1.08,0.013,0,6.89143e-09,0.000000000000000
0,1.08,0.014,0,2.12059e-09,0.000000000000000
0,1.08,0.015,0,1.03381e-08,0.000000000000000
0,1.08,0.016,0,9.77658e-09,0.000000000000000
0,1.08,0.017,0,9.7349e-09,0.000000000000000
0,1.08,0.018,0,3.52264e-09,0.000000000000000
0,1.08,0.019,0,8.71687e-10,0.000000000000000
0,1.1,0,0,1.40864e-08,0.000000000000000
0,1.1,0.001,0,6.66661e-10,0.000000000000000
0,1.1,0.002,0,5.84133e-09,0.000000000000000
0,1.1,0.003,0,2.37333e-09,0.000000000000000
0,1.1,0.004,0,1.07926e-08,0.000000000000000
0,1.1,0.005,0,9.70346e-09,0.000000000000000
0,1.1,0.006,0,1.31782e-08,0.000000000000000
0,1.1,0.007,0,9.39823e-10,0.000000000000000
0,1.1,0.008,0,1.29666e-08,0.000000000000000
0,1.1,0.009,0,7.21951e-09,0.000000000000000
0,1.1,0.01,0,6.87831e-09,0.000000000000000
0,1.1,0.011,0,6.72192e-09,0.000000000000000
0,1.1,0.012,0,1.40638e-08,0.000000000000000
0,1.1,0.013,0,1.32455e-08,0.000000000000000
0,1.1,0.014,0,3.47245e-09,0.000000000000000
0,1.1,0.015,0,1.59557e-10,0.000000000000000
0,1.1,0.016,0,6.8727e-09,0.000000000000000
0,1.1,0.017,0,7.2897e-09,0.000000000000000
0,1.1,0.018,0,1.41116e-08,0.000000000000000
0,1.1,0.019,0,7.44967e-09,0.000000000000000
0,1.12,0,0,1.1189e-08,0.000000000000000
0,1.12,0.001,0,1.19854e-08,0.000000000000000
0,1.12,0.002,0,6.0216e-09,0.000000000000000
0,1.12,0.003,0,5.96895e-09,0.000000000000000
0,1.12,0.004,0,1.02587e-08,0.000000000000000
0,1.12,0.005,0,2.98897e-09,0.000000000000000
0,1.12,0.006,0,2.61752e-09,0.000000000000000
0,1.12,0.007,0,1.31103e-08,0.000000000000000
0,1.12,0.008,0,5.93779e-09,0.000000000000000
0,1.12,0.009,0,8.87658e-09,0.000000000000000
0,1.12,0.01,0,6.53241e-10,0.000000000000000
0,1.12,0.011,0,5.18778e-09,0.000000000000000
0,1.12,0.012,0,5.68897e-09,0.000000000000000
0,1.12,0.013,0,7.44855e-09,0.000000000000000
0,1.12,0.014,0,1.01504e-08,0.000000000000000
0,1.12,0.015,0,2.61086e-09,0.000000000000000
0,1.12,0.016,0,7.59265e-09,0.000000000000000
0,1.12,0.017,0,1.31883e-08,0.000000000000000
0,1.12,0.018,0,1.12429e-08,0.000000000000000
0,1.12,0.019,0,1.27477e-08,0.000000000000000
0,1.14,0,0,2.93394e-09,0.000000000000000
0,1.14,0.001,0,1.33316e-08,0.000000000000000
0,1.14,0.002,0,1.20103e-08,0.000000000000000
0,1.14,0.003,0,1.02102e-08,0.000000000000000
0,1.14,0.004,0,1.31931e-08,0.000000000000000
0,1.14,0.005,0,1.01046e-08,0.000000000000000
0,1.14,0.006,0,3.36029e-09,0.000000000000000
0,1.14,0.007,0,2.53661e-09,0.000000000000000
0,1.14,0.008,0,1.00568e-08,0.000000000000000
0,1.14,0.009,0,7.48697e-09,0.000000000000000
0,1.14,0.01,0,5.99518e-09,0.000000000000000
0,1.14,0.011,0,7.21624e-09,0.000000000000000
0,1.14,0.012,0,3.76527e-09,0.000000000000000
0,1.14,0.013,0,2.69892e-09,0.000000000000000
0,1.14,0.014,0,4.12817e-09,0.000000000000000
0,1.14,0.015,0,4.33126e-09,0.000000000000000
0,1.14,0.016,0,9.67552e-09,0.000000000000000
0,1.14,0.017,0,5.18205e-10,0.000000000000000
0,1.14,0.018,0,1.27349e-08,0.000000000000000
0,1.14,0.019,0,2.80347e-09,0.000000000000000
0,1.16,0,0,1.28823e-08,0.000000000000000
0,1.16,0.001,0,1.22032e-08,0.000000000000000
0,1.16,0.002,0,1.45999e-09,0.000000000000000
0,1.16,0.003,0,1.21594e-08,0.000000000000000
0,1.16,0.004,0,5.63374e-09,0.000000000000000
0,1.16,0.005,0,8.56727e-09,0.000000000000000
0,1.16,0.006,0,7.20733e-09,0.000000000000000
0,1.16,0.007,0,8.84755e-09,0.000000000000000
0,1.16,0.008,0,1.24311e-08,0.000000000000000
0,1.16,0.009,0,5.7123e-09,0.000000000000000
0,1.16,0.01,0,4.33792e-09,0.000000000000000
0,1.16,0.011,0,1.28809e-09,0.000000000000000
0,1.16,0.012,0,1.01521e-08,0.000000000000000
0,1.16,0.013,0,9.69767e-09,0.000000000000000
0,1.16,0.014,0,6.68763e-09,0.000000000000000
0,1.16,0.015,0,1.14783e-08,0.000000000000000
0,1.16,0.016,0,9.50865e-09,0.000000000000000
0,1.16,0.017,0,3.34936e-09,0.000000000000000
0,1.16,0.018,0,1.16913e-08,0.000000000000000
0,1.16,0.019,0,1.32555e-08,0.000000000000000
0,1.18,0,0,3.77117e-09,0.000000000000000
0,1.18,0.001,0,1.26375e-09,0.000000000000000
0,1.18,0.002,0,8.14635e-09,0.000000000000000
0,1.18,0.003,0,7.67854e-09,0.000000000000000
0,1.18,0.004,0,2.95345e-09,0.000000000000000
0,1.18,0.005,0,1.423e-08,0.000000000000000
0,1.18,0.006,0,5.13059e-09,0.000000000000000
0,1.18,0.007,0,1.3692e-08,0.000000000000000
0,1.18,0.008,0,1.41337e-08,0.000000000000000
0,1.18,0.009,0,1.27768e-08,0.000000000000000
0,1.18,0.01,0,1.11437e-08,0.000000000000000
0,1.18,0.011,0,1.40544e-08,0.000000000000000
0,1.18,0.012,0,8.36143e-09,0.000000000000000
0,1.18,0.013,0,2.37562e-09,0.000000000000000
0,1.18,0.014,0,1.34578e-08,0.000000000000000
0,1.18,0.015,0,6.04455e-09,0.000000000000000
0,1.18,0.016,0,1.12033e-08,0.000000000000000
0,1.18,0.017,0,9.09533e-09,0.000000000000000
0,1.18,0.018,0,7.88035e-09,0.000000000000000
0,1.18,0.019,0,1.03165e-08,0.000000000000000
0,1.2,0,0,7.39155e-09,0.000000000000000
0,1.2,0.001,0,2.64032e-09,0.000000000000000
0,1.2,0.002,0,3.0332e-09,0.000000000000000
0,1.2,0.003,0,1.38378e-08,0.000000000000000
0,1.2,0.004,0,1.39612e-08,0.000000000000000
0,1.2,0.005,0,8.72105e-09,0.000000000000000
0,1.2,0.006,0,1.34356e-08,0.000000000000000
0,1.2,0.007,0,1.25484e-08,0.000000000000000
0,1.2,0.008,0,3.89199e-09,0.000000000000000
0,1.2,0.009,0,3.86316e-09,0.000000000000000
0,1.2,0.01,0,1.27852e-08,0.000000000000000
0,1.2,0.011,0,1.66259e-09,0.000000000000000
0,1.2,0.012,0,1.26313e-08,0.000000000000000
0,1.2,0.013,0,3.29191e-09,0.000000000000000
0,1.2,0.014,0,6.32349e-09,0.000000000000000
0,1.2,0.015,0,9.42819e-10,0.000000000000000
0,1.2,0.016,0,1.01885e-08,0.000000000000000
0,1.2,0.017,0,1.2287e-08,0.000000000000000
0,1.2,0.018,0,1.25703e-08,0.000000000000000
0,1.2,0.019,0,5.40476e-09,0.000000000000000
0,1.22,0,0,1.26159e-08,0.000000000000000
0,1.22,0.001,0,9.97178e-09,0.000000000000000
0,1.22,0.002,0,7.73092e-09,0.000000000000000
0,1.22,0.003,0,6.77888e-09,0.000000000000000
0,1.22,0.004,0,1.27071e-08,0.000000000000000
0,1.22,0.005,0,8.1716e-09,0.000000000000000
0,1.22,0.006,0,1.28826e-08,0.000000000000000
0,1.22,0.007,0,8.32778e-09,0.000000000000000
0,1.22,0.008,0,1.35954e-08,0.000000000000000
0,1.22,0.009,0,1.40513e-08,0.000000000000000
0,1.22,0.01,0,2.62526e-09,0.000000000000000
0,1.22,0.011,0,1.12227e-08,0.000000000000000
0,1.22,0.012,0,8.39266e-09,0.000000000000000
0,1.22,0.013,0,1.20343e-08,0.000000000000000
0,1.22,0.014,0,1.30537e-09,0.000000000000000
0,1.22,0.015,0,1.6992e-09,0.000000000000000
0,1.22,0.016,0,4.66158e-09,0.000000000000000
0,1.22,0.017,0,2.17135e-09,0.000000000000000
0,1.22,0.018,0,1.71485e-09,0.000000000000000
0,1.22,0.019,0,3.28157e-09,0.000000000000000
0,1.24,0,0,7.28828e-09,0.000000000000000
0,1.24,0.001,0,8.12896e-09,0.000000000000000
0,1.24,0.002,0,5.16088e-09,0.000000000000000
0,1.24,0.003,0,1.26745e-08,0.000000000000000
0,1.24,0.004,0,1.69522e-09,0.000000000000000
0,1.24,0.005,0,1.30293e-08,0.000000000000000
0,1.24,0.006,0,1.36736e-08,0.000000000000000
0,1.24,0.007,0,7.47163e-09,0.000000000000000
0,1.24,0.008,0,8.91602e-09,0.000000000000000
0,1.24,0.009,0,5.15236e-09,0.000000000000000
0,1.24,0.01,0,1.40322e-08,0.000000000000000
0,1.24,0.011,0,9.78253e-09,0.000000000000000
0,1.24,0.012,0,5.86989e-09,0.000000000000000
0,1.24,0.013,0,2.05985e-10,0.000000000000000
0,1.24,0.014,0,1.48773e-09,0.000000000000000
0,1.24,0.015,0,1.25889e-09,0.000000000000000
0,1.24,0.016,0,1.27357e-08,0.000000000000000
0,1.24,0.017,0,6.73621e-09,0.000000000000000
0,1.24,0.018,0,6.48744e-10,0.000000000000000
0,1.24,0.019,0,8.36856e-09,0.000000000000000
0,1.26,0,0,9.94816e-09,0.000000000000000
0,1.26,0.001,0,3.43163e-10,0.000000000000000
0,1.26,0.002,0,1.39894e-08,0.000000000000000
0,1.26,0.003,0,1.41244e-08,0.000000000000000
0,1.26,0.004,0,3.93911e-09,0.000000000000000
0,1.26,0.005,0,4.54096e-09,0.000000000000000
0,1.26,0.006,0,1.98135e-09,0.000000000000000
0,1.26,0.007,0,8.83824e-09,0.000000000000000
0,1.26,0.008,0,3.74437e-09,0.000000000000000
0,1.26,0.009,0,1.1518e-08,0.000000000000000
0,1.26,0.01,0,1.00585e-08,0.000000000000000
0,1.26,0.011,0,3.07553e-09,0.000000000000000
0,1.26,0.012,0,5.47652e-09,0.000000000000000
0,1.26,0.013,0,5.06984e-09,0.000000000000000
0,1.26,0.014,0,1.3028e-08,0.000000000000000
0,1.26,0.015,0,5.31855e-10,0.000000000000000
0,1.26,0.016,0,2.20556e-09,0.000000000000000
0,1.26,0.017,0,4.12342e-09,0.000000000000000
0,1.26,0.018,0,8.10169e-09,0.000000000000000
0,1.26,0.019,0,2.71129e-09,0.000000000000000
0,1.28,0,0,6.51336e-09,0.000000000000000
0,1.28,0.001,0,8.8249e-09,0.000000000000000
0,1.28,0.002,0,1.0597e-08,0.000000000000000
0,1.28,0.003,0,4.59243e-09,0.000000000000000
0,1.28,0.004,0,1.33185e-08,0.000000000000000
0,1.28,0.005,0,1.31387e-08,0.000000000000000
0,1.28,0.006,0,1.26843e-08,0.000000000000000
0,1.28,0.007,0,7.18072e-09,0.000000000000000
0,1.28,0.008,0,1.66989e-09,0.000000000000000
0,1.28,0.009,0,1.61805e-09,0.000000000000000
0,1.28,0.01,0,1.13542e-08,0.000000000000000
0,1.28,0.011,0,1.15227e-08,0.000000000000000
0,1.28,0.012,0,8.13108e-09,0.000000000000000
0,1.28,0.013,0,1.39711e-08,0.000000000000000
0,1.28,0.014,0,4.82337e-09,0.000000000000000
0,1.28,0.015,0,8.54869e-10,0.000000000000000
0,1.28,0.016,0,1.20611e-08,0.000000000000000
0,1.28,0.017,0,3.63006e-09,0.000000000000000
0,1.28,0.018,0,8.52677e-09,0.000000000000000
0,1.28,0.019,0,1.07222e-08,0.000000000000000
0,1.3,0,0,3.35859e-09,0.000000000000000
0,1.3,0.001,0,6.18967e-09,0.000000000000000
0,1.3,0.002,0,1.05827e-08,0.000000000000000
0,1.3,0.003,0,1.24676e-08,0.000000000000000
0,1.3,0.004,0,8.25292e-09,0.000000000000000
0,1.3,0.005,0,1.19161e-08,0.000000000000000
0,1.3,0.006,0,7.10602e-09,0.000000000000000
0,1.3,0.007,0,1.32486e-08,0.000000000000000
0,1.3,0.008,0,2.94699e-09,0.000000000000000
0,1.3,0.009,0,1.06713e-08,0.000000000000000
0,1.3,0.01,0,1.14122e-08,0.000000000000000
0,1.3,0.011,0,1.21568e-08,0.000000000000000
0,1.3,0.012,0,2.44713e-10,0.000000000000000
0,1.3,0.013,0,2.24214e-09,0.000000000000000
0,1.3,0.014,0,7.5391e-09,0.000000000000000
0,1.3,0.015,0,6.2465e-09,0.000000000000000
0,1.3,0.016,0,8.23661e-11,0.000000000000000
0,1.3,0.017,0,1.25564e-08,0.000000000000000
0,1.3,0.018,0,1.15989e-08,0.000000000000000
0,1.3,0.019,0,5.02175e-09,0.000000000000000
0,1.32,0,0,6.51228e-09,0.000000000000000
0,1.32,0.001,0,5.48212e-09,0.000000000000000
0,1.32,0.002,0,1.2898e-08,0.000000000000000
0,1.32,0.003,0,1.11188e-09,0.000000000000000
0,1.32,0.004,0,1.38972e-08,0.000000000000000
0,1.32,0.005,0,8.4503e-09,0.000000000000000
0,1.32,0.006,0,1.29916e-08,0.000000000000000
0,1.32,0.007,0,9.751e-10,0.000000000000000
0,1.32,0.008,0,5.54155e-09,0.000000000000000
0,1.32,0.009,0,1.225e-08,0.000000000000000
0,1.32,0.01,0,4.08794e-09,0.000000000000000
0,1.32,0.011,0,7.19365e-09,0.000000000000000
0,1.32,0.012,0,1.33062e-08,0.000000000000000
0,1.32,0.013,0,9.87714e-09,0.000000000000000
0,1.32,0.014,0,4.8972e-11,0.000000000000000
0,1.32,0.015,0,5.718e-09,0.000000000000000
0,1.32,0.016,0,2.31888e-09,0.000000000000000
0,1.32,0.017,0,4.36032e-09,0.000000000000000
0,1.32,0.018,0,1.8626e-09,0.000000000000000
0,1.32,0.019,0,7.27057e-09,0.000000000000000
0,1.34,0,0,4.02685e-10,0.000000000000000
0,1.34,0.001,0,4.44369e-09,0.000000000000000
0,1.34,0.002,0,5.8573e-09,0.000000000000000
0,1.34,0.003,0,1.3581e-08,0.000000000000000
0,1.34,0.004,0,1.35606e-08,0.000000000000000
0,1.34,0.005,0,5.31748e-09,0.000000000000000
0,1.34,0.006,0,1.34339e-08,0.000000000000000
0,1.34,0.007,0,3.18193e-09,0.000000000000000
0,1.34,0.008,0,2.84586e-09,0.000000000000000
0,1.34,0.009,0,4.90895e-09,0.000000000000000
0,1.34,0.01,0,3.86459e-09,0.000000000000000
0,1.34,0.011,0,1.24228e-09,0.000000000000000
0,1.34,0.012,0,1.02514e-08,0.000000000000000
0,1.34,0.013,0,1.31863e-08,0.000000000000000
0,1.34,0.014,0,5.95503e-09,0.000000000000000
0,1.34,0.015,0,5.19734e-09,0.000000000000000
0,1.34,0.016,0,4.63098e-09,0.000000000000000
0,1.34,0.017,0,6.38912e-10,0.000000000000000
0,1.34,0.018,0,8.81169e-10,0.000000000000000
0,1.34,0.019,0,8.06731e-09,0.000000000000000
0,1.36,0,0,1.39379e-09,0.000000000000000
0,1.36,0.001,0,3.96638e-09,0.000000000000000
0,1.36,0.002,0,7.28848e-09,0.000000000000000
0,1.36,0.003,0,1.13015e-09,0.000000000000000
0,1.36,0.004,0,3.16454e-09,0.000000000000000
0,1.36,0.005,0,6.45757e-09,0.000000000000000
0,1.36,0.006,0,6.41356e-09,0.000000000000000
0,1.36,0.007,0,3.90152e-09,0.000000000000000
0,1.36,0.008,0,3.76844e-10,0.000000000000000
0,1.36,0.009,0,5.27495e-10,0.000000000000000
0,1.36,0.01,0,7.51321e-09,0.000000000000000
0,1.36,0.011,0,5.51174e-09,0.000000000000000
0,1.36,0.012,0,8.80144e-09,0.000000000000000
0,1.36,0.013,0,3.14026e-09,0.000000000000000
0,1.36,0.014,0,1.42704e-08,0.000000000000000
0,1.36,0.015,0,8.52454e-09,0.000000000000000
0,1.36,0.016,0,7.43139e-09,0.000000000000000
0,1.36,0.017,0,2.48169e-09,0.000000000000000
0,1.36,0.018,0,6.86613e-09,0.000000000000000
0,1.36,0.019,0,7.57618e-09,0.000000000000000
0,1.38,0,0,3.7731e-09,0.000000000000000
0,1.38,0.001,0,9.50209e-09,0.000000000000000
0,1.38,0.002,0,1.21309e-09,0.000000000000000
0,1.38,0.003,0,1.29008e-08,0.000000000000000
0,1.38,0.004,0,1.1971e-08,0.000000000000000
0,1.38,0.005,0,8.97766e-09,0.000000000000000
0,1.38,0.006,0,1.19343e-08,0.000000000000000
0,1.38,0.007,0,1.37005e-08,0.000000000000000
0,1.38,0.008,0,3.66413e-09,0.000000000000000
0,1.38,0.009,0,2.17644e-09,0.000000000000000
0,1.38,0.01,0,1.41531e-08,0.000000000000000
0,1.38,0.011,0,3.90967e-09,0.000000000000000
0,1.38,0.012,0,9.49662e-09,0.000000000000000
0,1.38,0.013,0,8.36654e-09,0.000000000000000
0,1.38,0.014,0,3.124e-10,0.000000000000000
0,1.38,0.015,0,9.18758e-10,0.000000000000000
0,1.38,0.016,0,1.20057e-08,0.000000000000000
0,1.38,0.017,0,7.77796e-09,0.000000000000000
0,1.38,0.018,0,1.23737e-08,0.000000000000000
0,1.38,0.019,0,8.37053e-09,0.000000000000000
0,1.4,0,0,4.89508e-09,0.000000000000000
0,1.4,0.001,0,1.33883e-08,0.000000000000000
0,1.4,0.002,0,1.33678e-08,0.000000000000000
0,1.4,0.003,0,9.81188e-09,0.000000000000000
0,1.4,0.004,0,6.72962e-09,0.000000000000000
0,1.4,0.005,0,1.14917e-08,0.000000000000000
0,1.4,0.006,0,6.82537e-09,0.000000000000000
0,1.4,0.007,0,1.99629e-10,0.000000000000000
0,1.4,0.008,0,6.03959e-09,0.000000000000000
0,1.4,0.009,0,1.11097e-08,0.000000000000000
0,1.4,0.01,0,1.34405e-08,0.000000000000000
0,1.4,0.011,0,9.87313e-09,0.000000000000000
0,1.4,0.012,0,9.42172e-09,0.000000000000000
0,1.4,0.013,0,3.41274e-09,0.000000000000000
0,1.4,0.014,0,3.20231e-09,0.000000000000000
0,1.4,0.015,0,7.62533e-09,0.000000000000000
0,1.4,0.016,0,1.21365e-08,0.000000000000000
0,1.4,0.017,0,2.21164e-10,0.000000000000000
0,1.4,0.018,0,2.01864e-10,0.000000000000000
0,1.4,0.019,0,8.10959e-09,0.000000000000000
0,1.42,0,0,1.31853e-08,0.000000000000000
0,1.42,0.001,0,8.98918e-09,0.000000000000000
0,1.42,0.002,0,1.05777e-08,0.000000000000000
0,1.42,0.003,0,2.02223e-09,0.000000000000000
0,1.42,0.004,0,3.4452e-09,0.000000000000000
0,1.42,0.005,0,1.71559e-09,0.000000000000000
0,1.42,0.006,0,9.18143e-09,0.000000000000000
0,1.42,0.007,0,3.05203e-09,0.000000000000000
0,1.42,0.008,0,1.1206e-09,0.000000000000000
0,1.42,0.009,0,6.1326e-09,0.000000000000000
0,1.42,0.01,0,9.81228e-10,0.000000000000000
0,1.42,0.011,0,3.19477e-09,0.000000000000000
0,1.42,0.012,0,1.22223e-08,0.000000000000000
0,1.42,0.013,0,1.20022e-08,0.000000000000000
0,1.42,0.014,0,4.96792e-09,0.000000000000000
0,1.42,0.015,0,1.39287e-08,0.000000000000000
0,1.42,0.016,0,4.65407e-09,0.000000000000000
0,1.42,0.017,0,1.45268e-09,0.000000000000000
0,1.42,0.018,0,1.32606e-08,0.000000000000000
0,1.42,0.019,0,7.51081e-09,0.000000000000000
0,1.44,0,0,8.09243e-09,0.000000000000000
0,1.44,0.001,0,2.51345e-09,0.000000000000000
0,1.44,0.002,0,4.2477e-09,0.000000000000000
0,1.44,0.003,0,3.52639e-09,0.000000000000000
0,1.44,0.004,0,5.99803e-09,0.000000000000000
0,1.44,0.005,0,3.46671e-09,0.000000000000000
0,1.44,0.006,0,3.24306e-09,0.000000000000000
0,1.44,0.007,0,1.0899e-08,0.000000000000000
0,1.44,0.008,0,2.37543e-10,0.000000000000000
0,1.44,0.009,0,4.47983e-09,0.000000000000000
0,1.44,0.01,0,3.58244e-09,0.000000000000000
0,1.44,0.011,0,1.34526e-08,0.000000000000000
0,1.44,0.012,0,1.28566e-08,0.000000000000000
0,1.44,0.013,0,4.31546e-09,0.000000000000000
0,1.44,0.014,0,1.18298e-08,0.000000000000000
0,1.44,0.015,0,1.19155e-08,0.000000000000000
0,1.44,0.016,0,7.83283e-09,0.000000000000000
0,1.44,0.017,0,5.96283e-09,0.000000000000000
0,1.44,0.018,0,2.88318e-09,0.000000000000000
0,1.44,0.019,0,5.281e-09,0.000000000000000
0,1.46,0,0,4.19384e-09,0.000000000000000
0,1.46,0.001,0,5.86209e-09,0.000000000000000
0,1.46,0.002,0,2.21958e-09,0.000000000000000
0,1.46,0.003,0,7.50402e-09,0.000000000000000
0,1.46,0.004,0,2.43957e-09,0.000000000000000
0,1.46,0.005,0,1.25575e-08,0.000000000000000
0,1.46,0.006,0,5.14848e-09,0.000000000000000
0,1.46,0.007,0,1.42374e-08,0.000000000000000
0,1.46,0.008,0,1.26207e-08,0.000000000000000
0,1.46,0.009,0,5.52715e-09,0.000000000000000
0,1.46,0.01,0,5.60247e-09,0.000000000000000
0,1.46,0.011,0,9.86746e-09,0.000000000000000
0,1.46,0.012,0,7.12199e-09,0.000000000000000
0,1.46,0.013,0,1.40061e-08,0.000000000000000
0,1.46,0.014,0,3.67572e-09,0.000000000000000
0,1.46,0.015,0,9.2102e-09,0.000000000000000
0,1.46,0.016,0,3.60758e-09,0.000000000000000
0,1.46,0.017,0,2.6326e-09,0.000000000000000
0,1.46,0.018,0,9.11794e-09,0.000000000000000
0,1.46,0.019,0,9.26711e-09,0.000000000000000
0,1.48,0,0,1.16966e-08,0.000000000000000
0,1.48,0.001,0,1.16102e-08,0.000000000000000
0,1.48,0.002,0,3.28307e-09,0.000000000000000
0,1.48,0.003,0,1.21533e-08,0.000000000000000
0,1.48,0.004,0,2.15809e-09,0.000000000000000
0,1.48,0.005,0,5.04791e-09,0.000000000000000
0,1.48,0.006,0,8.03473e-09,0.000000000000000
0,1.48,0.007,0,2.7687e-11,0.000000000000000
0,1.48,0.008,0,6.38701e-09,0.000000000000000
0,1.48,0.009,0,3.46672e-09,0.000000000000000
0,1.48,0.01,0,1.28216e-08,0.000000000000000
0,1.48,0.011,0,1.32445e-08,0.000000000000000
0,1.48,0.012,0,1.32635e-08,0.000000000000000
0,1.48,0.013,0,2.48589e-09,0.000000000000000
0,1.48,0.014,0,1.18745e-08,0.000000000000000
0,1.48,0.015,0,1.02211e-08,0.000000000000000
0,1.48,0.016,0,9.84898e-09,0.000000000000000
0,1.48,0.017,0,6.01535e-09,0.000000000000000
0,1.48,0.018,0,9.92369e-09,0.000000000000000
0,1.48,0.019,0,2.91061e-09,0.000000000000000
0,1.5,0,0,5.45134e-09,0.000000000000000
0,1.5,0.001,0,2.19616e-09,0.000000000000000
0,1.5,0.002,0,4.92214e-09,0.000000000000000
0,1.5,0.003,0,1.00219e-08,0.000000000000000
0,1.5,0.004,0,7.5606e-09,0.000000000000000
0,1.5,0.005,0,4.31742e-09,0.000000000000000
0,1.5,0.006,0,1.09551e-08,0.000000000000000
0,1.5,0.007,0,1.52185e-09,0.000000000000000
0,1.5,0.008,0,1.19038e-08,0.000000000000000
0,1.5,0.009,0,9.68562e-09,0.000000000000000
0,1.5,0.01,0,5.91084e-09,0.000000000000000
0,1.5,0.011,0,8.38248e-09,0.000000000000000
0,1.5,0.012,0,1.2396e-08,0.000000000000000
0,1.5,0.013,0,7.38914e-09,0.000000000000000
0,1.5,0.014,0,2.22526e-10,0.000000000000000
0,1.5,0.015,0,9.76288e-09,0.000000000000000
0,1.5,0.016,0,3.29641e-09,0.000000000000000
0,1.5,0.017,0,1.50838e-09,0.000000000000000
0,1.5,0.018,0,1.02841e-08,0.000000000000000
0,1.5,0.019,0,2.47601e-09,0.000000000000000
0,1.52,0,0,9.21242e-09,0.000000000000000
0,1.52,0.001,0,4.70053e-09,0.000000000000000
0,1.52,0.002,0,8.43434e-09,0.000000000000000
0,1.52,0.003,0,1.07228e-08,0.000000000000000
0,1.52,0.004,0,3.00876e-09,0.000000000000000
0,1.52,0.005,0,1.98303e-09,0.000000000000000
0,1.52,0.006,0,1.02571e-08,0.000000000000000
0,1.52,0.007,0,7.60986e-09,0.000000000000000
0,1.52,0.008,0,5.56784e-09,0.000000000000000
0,1.52,0.009,0,1.12814e-08,0.000000000000000
0,1.52,0.01,0,4.96882e-09,0.000000000000000
0,1.52,0.011,0,1.00132e-08,0.000000000000000
0,1.52,0.012,0,3.7491e-09,0.000000000000000
0,1.52,0.013,0,2.56586e-09,0.000000000000000
0,1.52,0.014,0,1.07415e-08,0.000000000000000
0,1.52,0.015,0,6.68018e-09,0.000000000000000
0,1.52,0.016,0,1.2671e-08,0.000000000000000
0,1.52,0.017,0,1.27951e-08,0.000000000000000
0,1.52,0.018,0,1.05875e-08,0.000000000000000
0,1.52,0.019,0,1.30943e-10,0.000000000000000
0,1.54,0,0,1.1611e-08,0.000000000000000
0,1.54,0.001,0,4.64492e-09,0.000000000000000
0,1.54,0.002,0,7.50815e-09,0.000000000000000
0,1.54,0.003,0,4.53793e-09,0.000000000000000
0,1.54,0.004,0,2.79556e-10,0.000000000000000
0,1.54,0.005,0,1.14416e-08,0.000000000000000
0,1.54,0.006,0,1.00179e-08,0.000000000000000
0,1.54,0.007,0,1.39309e-08,0.000000000000000
0,1.54,0.008,0,8.72548e-09,0.000000000000000
0,1.54,0.009,0,1.32118e-08,0.000000000000000
0,1.54,0.01,0,1.36523e-08,0.000000000000000
0,1.54,0.011,0,1.21308e-08,0.000000000000000
0,1.54,0.012,0,6.51338e-09,0.000000000000000
0,1.54,0.013,0,3.91351e-09,0.000000000000000
0,1.54,0.014,0,4.99241e-09,0.000000000000000
0,1.54,0.015,0,8.71925e-09,0.000000000000000
0,1.54,0.016,0,4.23264e-09,0.000000000000000
0,1.54,0.017,0,1.0765e-08,0.000000000000000
0,1.54,0.018,0,3.24341e-09,0.000000000000000
0,1.54,0.019,0,4.29259e-10,0.000000000000000
0,1.56,0,0,3.38789e-09,0.000000000000000
0,1.56,0.001,0,7.37725e-10,0.000000000000000
0,1.56,0.002,0,4.66247e-09,0.000000000000000
0,1.56,0.003,0,1.08706e-08,0.000000000000000
0,1.56,0.004,0,1.36474e-08,0.000000000000000
0,1.56,0.005,0,3.65491e-09,0.000000000000000
0,1.56,0.006,0,7.80149e-09,0.000000000000000
0,1.56,0.007,0,1.38933e-08,0.000000000000000
0,1.56,0.008,0,4.73186e-09,0.000000000000000
0,1.56,0.009,0,2.1924e-09,0.000000000000000
0,1.56,0.01,0,1.11823e-08,0.000000000000000
0,1.56,0.011,0,1.24461e-08,0.000000000000000
0,1.56,0.012,0,7.30661e-09,0.000000000000000
0,1.56,0.013,0,2.99067e-09,0.000000000000000
0,1.56,0.014,0,8.03316e-09,0.000000000000000
0,1.56,0.015,0,1.02195e-08,0.000000000000000
0,1.56,0.016,0,7.99708e-09,0.000000000000000
0,1.56,0.017,0,1.10621e-09,0.000000000000000
0,1.56,0.018,0,3.70197e-09,0.000000000000000
0,1.56,0.019,0,1.14157e-08,0.000000000000000
0,1.58,0,0,7.14756e-09,0.000000000000000
0,1.58,0.001,0,5.13616e-09,0.000000000000000
0,1.58,0.002,0,6.90407e-09,0.000000000000000
0,1.58,0.003,0,3.00462e-09,0.000000000000000
0,1.58,0.004,0,1.29688e-08,0.000000000000000
0,1.58,0.005,0,3.2494e-09,0.000000000000000
0,1.58,0.006,0,5.9497e-09,0.000000000000000
0,1.58,0.007,0,1.24695e-08,0.000000000000000
0,1.58,0.008,0,4.21868e-09,0.000000000000000
0,1.58,0.009,0,6.15007e-09,0.000000000000000
0,1.58,0.01,0,1.98071e-09,0.000000000000000
0,1.58,0.011,0,3.82486e-09,0.000000000000000
0,1.58,0.012,0,2.38635e-09,0.000000000000000
0,1.58,0.013,0,7.7727e-09,0.000000000000000
0,1.58,0.014,0,8.40961e-09,0.000000000000000
0,1.58,0.015,0,8.5727e-09,0.000000000000000
0,1.58,0.016,0,3.79982e-09,0.000000000000000
0,1.58,0.017,0,9.48652e-10,0.000000000000000
0,1.58,0.018,0,8.77828e-10,0.000000000000000
0,1.58,0.019,0,1.09086e-08,0.000000000000000
0,1.6,0,0,1.02971e-08,0.000000000000000
0,1.6,0.001,0,4.20708e-09,0.000000000000000
0,1.6,0.002,0,3.1497e-09,0.000000000000000
0,1.6,0.003,0,2.30496e-09,0.000000000000000
0,1.6,0.004,0,9.63929e-09,0.000000000000000
0,1.6,0.005,0,4.1695e-09,0.000000000000000
0,1.6,0.006,0,1.12123e-08,0.000000000000000
0,1.6,0.007,0,1.10806e-08,0.000000000000000
0,1.6,0.008,0,3.55207e-09,0.000000000000000
0,1.6,0.009,0,7.50752e-09,0.000000000000000
0,1.6,0.01,0,8.72975e-09,0.000000000000000
0,1.6,0.011,0,4.21687e-10,0.000000000000000
0,1.6,0.012,0,2.85382e-09,0.000000000000000
0,1.6,0.013,0,5.55396e-09,0.000000000000000
0,1.6,0.014,0,1.27616e-08,0.000000000000000
0,1.6,0.015,0,8.6758e-09,0.000000000000000
0,1.6,0.016,0,1.17338e-08,0.000000000000000
0,1.6,0.017,0,1.13333e-08,0.000000000000000
0,1.6,0.018,0,1.86088e-09,0.000000000000000
0,1.6,0.019,0,1.31254e-08,0.000000000000000
0,1.62,0,0,1.34081e-08,0.000000000000000
0,1.62,0.001,0,3.58752e-09,0.000000000000000
0,1.62,0.002,0,1.38953e-08,0.000000000000000
0,1.62,0.003,0,3.60826e-09,0.000000000000000
0,1.62,0.004,0,8.55817e-09,0.000000000000000
0,1.62,0.005,0,3.98989e-09,0.000000000000000
0,1.62,0.006,0,1.70572e-09,0.000000000000000
0,1.62,0.007,0,8.42204e-09,0.000000000000000
0,1.62,0.008,0,1.16183e-08,0.000000000000000
0,1.62,0.009,0,6.19014e-09,0.000000000000000
0,1.62,0.01,0,5.30275e-09,0.000000000000000
0,1.62,0.011,0,3.69884e-09,0.000000000000000
0,1.62,0.012,0,6.33136e-09,0.000000000000000
0,1.62,0.013,0,7.3117e-09,0.000000000000000
0,1.62,0.014,0,2.97678e-10,0.000000000000000
0,1.62,0.015,0,9.84658e-09,0.000000000000000
0,1.62,0.016,0,1.33469e-08,0.000000000000000
0,1.62,0.017,0,6.33496e-09,0.000000000000000
0,1.62,0.018,0,3.96158e-09,0.000000000000000
0,1.62,0.019,0,7.39673e-09,0.000000000000000
0,1.64,0,0,7.02949e-09,0.000000000000000
0,1.64,0.001,0,1.01765e-08,0.000000000000000
0,1.64,0.002,0,9.42278e-09,0.000000000000000
0,1.64,0.003,0,6.34918e-09,0.000000000000000
0,1.64,0.004,0,8.12802e-09,0.000000000000000
0,1.64,0.005,0,6.81721e-09,0.000000000000000
0,1.64,0.006,0,2.37109e-10,0.000000000000000
0,1.64,0.007,0,1.20483e-08,0.000000000000000
0,1.64,0.008,0,5.8179e-09,0.000000000000000
0,1.64,0.009,0,1.37367e-08,0.000000000000000
0,1.64,0.01,0,1.17687e-09,0.000000000000000
0,1.64,0.011,0,6.79377e-09,0.000000000000000
0,1.64,0.012,0,1.01334e-08,0.000000000000000
0,1.64,0.013,0,1.29317e-08,0.000000000000000
0,1.64,0.014,0,2.33767e-09,0.000000000000000
0,1.64,0.015,0,3.97573e-10,0.000000000000000
0,1.64,0.016,0,3.60849e-10,0.000000000000000
0,1.64,0.017,0,1.00329e-08,0.000000000000000
0,1.64,0.018,0,6.40673e-09,0.000000000000000
0,1.64,0.019,0,8.57353e-10,0.000000000000000
0,1.66,0,0,1.3019e-08,0.000000000000000
0,1.66,0.001,0,1.37516e-08,0.000000000000000
0,1.66,0.002,0,2.94755e-09,0.000000000000000
0,1.66,0.003,0,9.42548e-09,0.000000000000000
0,1.66,0.004,0,1.18334e-08,0.000000000000000
0,1.66,0.005,0,2.49064e-09,0.000000000000000
0,1.66,0.006,0,1.24077e-08,0.000000000000000
0,1.66,0.007,0,1.09535e-08,0.000000000000000
0,1.66,0.008,0,4.00059e-09,0.000000000000000
0,1.66,0.009,0,7.11511e-09,0.000000000000000
0,1.66,0.01,0,8.54474e-09,0.000000000000000
0,1.66,0.011,0,6.78265e-09,0.000000000000000
0,1.66,0.012,0,1.13805e-08,0.000000000000000
0,1.66,0.013,0,9.73626e-09,0.000000000000000
0,1.66,0.014,0,8.62713e-09,0.000000000000000
0,1.66,0.015,0,7.17224e-09,0.000000000000000
0,1.66,0.016,0,6.61475e-09,0.000000000000000
0,1.66,0.017,0,8.22631e-09,0.000000000000000
0,1.66,0.018,0,4.31366e-09,0.000000000000000
0,1.66,0.019,0,1.04911e-08,0.000000000000000
0,1.68,0,0,1.94482e-09,0.000000000000000
0,1.68,0.001,0,4.29272e-09,0.000000000000000
0,1.68,0.002,0,6.20944e-09,0.000000000000000
0,1.68,0.003,0,7.3177e-09,0.000000000000000
0,1.68,0.004,0,2.3006e-09,0.000000000000000
0,1.68,0.005,0,2.14483e-09,0.000000000000000
0,1.68,0.006,0,1.31212e-08,0.000000000000000
0,1.68,0.007,0,1.50739e-09,0.000000000000000
0,1.68,0.008,0,9.6866e-09,0.000000000000000
0,1.68,0.009,0,2.38139e-09,0.000000000000000
0,1.68,0.01,0,1.22844e-08,0.000000000000000
0,1.68,0.011,0,5.1702e-09,0.000000000000000
0,1.68,0.012,0,1.31988e-08,0.000000000000000
0,1.68,0.013,0,8.80325e-09,0.000000000000000
0,1.68,0.014,0,6.90202e-09,0.000000000000000
0,1.68,0.015,0,9.83804e-09,0.000000000000000
0,1.68,0.016,0,8.37229e-09,0.000000000000000
0,1.68,0.017,0,1.4034e-08,0.000000000000000
0,1.68,0.018,0,3.53454e-09,0.000000000000000
0,1.68,0.019,0,3.99433e-09,0.000000000000000
0,1.7,0,0,1.14608e-08,0.000000000000000
0,1.7,0.001,0,1.09927e-08,0.000000000000000
0,1.7,0.002,0,6.4055e-09,0.000000000000000
0,1.7,0.003,0,1.60556e-09,0.000000000000000
0,1.7,0.004,0,1.2824e-08,0.000000000000000
0,1.7,0.005,0,6.34212e-09,0.000000000000000
0,1.7,0.006,0,3.9064e-09,0.000000000000000
0,1.7,0.007,0,9.39603e-10,0.000000000000000
0,1.7,0.008,0,9.20486e-09,0.000000000000000
0,1.7,0.009,0,1.14599e-08,0.000000000000000
0,1.7,0.01,0,7.51586e-09,0.000000000000000
0,1.7,0.011,0,1.06121e-08,0.000000000000000
0,1.7,0.012,0,9.44097e-09,0.000000000000000
0,1.7,0.013,0,9.47278e-09,0.000000000000000
0,1.7,0.014,0,1.13161e-08,0.000000000000000
0,1.7,0.015,0,7.29785e-09,0.000000000000000
0,1.7,0.016,0,9.32283e-09,0.000000000000000
0,1.7,0.017,0,1.15765e-08,0.000000000000000
0,1.7,0.018,0,1.11404e-09,0.000000000000000
0,1.7,0.019,0,9.26841e-09,0.000000000000000
0,1.72,0,0,1.03096e-08,0.000000000000000
0,1.72,0.001,0,5.14229e-09,0.000000000000000
0,1.72,0.002,0,3.54296e-10,0.000000000000000
0,1.72,0.003,0,7.02749e-09,0.000000000000000
0,1.72,0.004,0,9.72193e-09,0.000000000000000
0,1.72,0.005,0,1.30146e-08,0.000000000000000
0,1.72,0.006,0,6.19451e-09,0.000000000000000
0,1.72,0.007,0,8.16115e-09,0.000000000000000
0,1.72,0.008,0,1.29802e-08,0.000000000000000
0,1.72,0.009,0,5.96121e-09,0.000000000000000
0,1.72,0.01,0,9.34424e-09,0.000000000000000
0,1.72,0.011,0,4.35272e-10,0.000000000000000
0,1.72,0.012,0,9.14444e-09,0.000000000000000
0,1.72,0.013,0,3.66114e-09,0.000000000000000
0,1.72,0.014,0,3.38555e-09,0.000000000000000
0,1.72,0.015,0,1.33271e-08,0.000000000000000
0,1.72,0.016,0,8.59705e-09,0.000000000000000
0,1.72,0.017,0,2.72995e-09,0.000000000000000
0,1.72,0.018,0,1.16111e-08,0.000000000000000
0,1.72,0.019,0,7.29517e-09,0.000000000000000
0,1.74,0,0,2.9836e-10,0.000000000000000
0,1.74,0.001,0,2.20021e-09,0.000000000000000
0,1.74,0.002,0,1.10288e-08,0.000000000000000
0,1.74,0.003,0,9.37522e-09,0.000000000000000
0,1.74,0.004,0,1.16846e-08,0.000000000000000
0,1.74,0.005,0,1.02559e-08,0.000000000000000
0,1.74,0.006,0,7.03892e-09,0.000000000000000
0,1.74,0.007,0,5.60501e-09,0.000000000000000
0,1.74,0.008,0,6.28891e-09,0.000000000000000
0,1.74,0.009,0,1.34331e-08,0.000000000000000
0,1.74,0.01,0,9.59806e-09,0.000000000000000
0,1.74,0.011,0,1.47328e-09,0.000000000000000
0,1.74,0.012,0,1.37525e-08,0.000000000000000
0,1.74,0.013,0,1.13632e-08,0.000000000000000
0,1.74,0.014,0,1.19104e-08,0.000000000000000
0,1.74,0.015,0,1.03271e-08,0.000000000000000
0,1.74,0.016,0,9.33499e-09,0.000000000000000
0,1.74,0.017,0,1.26055e-08,0.000000000000000
0,1.74,0.018,0,1.09071e-08,0.000000000000000
0,1.74,0.019,0,7.35048e-09,0.000000000000000
0,1.76,0,0,1.02905e-08,0.000000000000000
0,1.76,0.001,0,8.9055e-09,0.000000000000000
0,1.76,0.002,0,2.03689e-09,0.000000000000000
0,1.76,0.003,0,5.08971e-09,0.000000000000000
0,1.76,0.004,0,7.49993e-09,0.000000000000000
0,1.76,0.005,0,3.16425e-09,0.000000000000000
0,1.76,0.006,0,1.20545e-08,0.000000000000000
0,1.76,0.007,0,9.93955e-09,0.000000000000000
0,1.76,0.008,0,1.08155e-08,0.000000000000000
0,1.76,0.009,0,9.33834e-10,0.000000000000000
0,1.76,0.01,0,4.49759e-09,0.000000000000000
0,1.76,0.011,0,8.20691e-09,0.000000000000000
0,1.76,0.012,0,1.18784e-08,0.000000000000000
0,1.76,0.013,0,8.88901e-09,0.000000000000000
0,1.76,0.014,0,1.41209e-08,0.000000000000000
0,1.76,0.015,0,9.51787e-09,0.000000000000000
0,1.76,0.016,0,7.01354e-09,0.000000000000000
0,1.76,0.017,0,1.24253e-08,0.000000000000000
0,1.76,0.018,0,9.34673e-09,0.000000000000000
0,1.76,0.019,0,2.27455e-09,0.000000000000000
0,1.78,0,0,1.34249e-10,0.000000000000000
0,1.78,0.001,0,4.3588e-09,0.000000000000000
0,1.78,0.002,0,5.39112e-10,0.000000000000000
0,1.78,0.003,0,1.39816e-08,0.000000000000000
0,1.78,0.004,0,2.09098e-09,0.000000000000000
0,1.78,0.005,0,1.26552e-08,0.000000000000000
0,1.78,0.006,0,3.69994e-09,0.000000000000000
0,1.78,0.007,0,1.04447e-08,0.000000000000000
0,1.78,0.008,0,1.06593e-08,0.000000000000000
0,1.78,0.009,0,1.23364e-08,0.000000000000000
0,1.78,0.01,0,7.40431e-09,0.000000000000000
0,1.78,0.011,0,4.2205e-10,0.000000000000000
0,1.78,0.012,0,4.91139e-10,0.000000000000000
0,1.78,0.013,0,2.72856e-09,0.000000000000000
0,1.78,0.014,0,2.66655e-10,0.000000000000000
0,1.78,0.015,0,1.31672e-08,0.000000000000000
0,1.78,0.016,0,1.05491e-08,0.000000000000000
0,1.78,0.017,0,1.56197e-09,0.000000000000000
0,1.78,0.018,0,6.78791e-09,0.000000000000000
0,1.78,0.019,0,6.36742e-10,0.000000000000000
0,1.8,0,0,5.03509e-09,0.000000000000000
0,1.8,0.001,0,8.3923e-09,0.000000000000000
0,1.8,0.002,0,3.62999e-09,0.000000000000000
0,1.8,0.003,0,1.30472e-08,0.000000000000000
0,1.8,0.004,0,5.82179e-09,0.000000000000000
0,1.8,0.005,0,1.09556e-08,0.000000000000000
0,1.8,0.006,0,3.03357e-09,0.000000000000000
0,1.8,0.007,0,7.29382e-09,0.000000000000000
0,1.8,0.008,0,7.97479e-09,0.000000000000000
0,1.8,0.009,0,8.25658e-09,0.000000000000000
0,1.8,0.01,0,1.18686e-08,0.000000000000000
0,1.8,0.011,0,1.23581e-08,0.000000000000000
0,1.8,0.012,0,5.94946e-10,0.000000000000000
0,1.8,0.013,0,3.03593e-09,0.000000000000000
0,1.8,0.014,0,6.67545e-10,0.000000000000000
0,1.8,0.015,0,4.60707e-09,0.000000000000000
0,1.8,0.016,0,9.28962e-09,0.000000000000000
0,1.8,0.017,0,4.74339e-09,0.000000000000000
0,1.8,0.018,0,3.64438e-09,0.000000000000000
0,1.8,0.019,0,1.31492e-08,0.000000000000000
0,1.82,0,0,1.20459e-09,0.000000000000000
0,1.82,0.001,0,3.06381e-09,0.000000000000000
0,1.82,0.002,0,7.55064e-09,0.000000000000000
0,1.82,0.003,0,5.02371e-09,0.000000000000000
0,1.82,0.004,0,7.71994e-09,0.000000000000000
0,1.82,0.005,0,1.10908e-08,0.000000000000000
0,1.82,0.006,0,1.49138e-09,0.000000000000000
0,1.82,0.007,0,8.63192e-09,0.000000000000000
0,1.82,0.008,0,7.86032e-09,0.000000000000000
0,1.82,0.009,0,1.21821e-08,0.000000000000000
0,1.82,0.01,0,2.62327e-10,0.000000000000000
0,1.82,0.011,0,1.30512e-08,0.000000000000000
0,1.82,0.012,0,9.14921e-09,0.000000000000000
0,1.82,0.013,0,3.86759e-09,0.000000000000000
0,1.82,0.014,0,7.16079e-09,0.000000000000000
0,1.82,0.015,0,1.33211e-08,0.000000000000000
0,1.82,0.016,0,1.01564e-08,0.000000000000000
0,1.82,0.017,0,1.31426e-08,0.000000000000000
0,1.82,0.018,0,6.3585e-09,0.000000000000000
0,1.82,0.019,0,2.86659e-10,0.000000000000000
0,1.84,0,0,1.11491e-08,0.000000000000000
0,1.84,0.001,0,1.06805e-08,0.000000000000000
0,1.84,0.002,0,8.59424e-09,0.000000000000000
0,1.84,0.003,0,1.08157e-08,0.000000000000000
0,1.84,0.004,0,5.90442e-09,0.000000000000000
0,1.84,0.005,0,1.38859e-08,0.000000000000000
0,1.84,0.006,0,9.69251e-09,0.000000000000000
0,1.84,0.007,0,1.22177e-08,0.000000000000000
0,1.84,0.008,0,6.83717e-09,0.000000000000000
0,1.84,0.009,0,1.27588e-08,0.000000000000000
0,1.84,0.01,0,3.47468e-09,0.000000000000000
0,1.84,0.011,0,3.66271e-09,0.000000000000000
0,1.84,0.012,0,1.31522e-08,0.000000000000000
0,1.84,0.013,0,7.42973e-09,0.000000000000000
0,1.84,0.014,0,2.94426e-09,0.000000000000000
0,1.84,0.015,0,1.10935e-08,0.000000000000000
0,1.84,0.016,0,6.06085e-09,0.000000000000000
0,1.84,0.017,0,2.93524e-09,0.000000000000000
0,1.84,0.018,0,6.15249e-09,0.000000000000000
0,1.84,0.019,0,9.97497e-09,0.000000000000000
0,1.86,0,0,1.17032e-08,0.000000000000000
0,1.86,0.001,0,7.07573e-09,0.000000000000000
0,1.86,0.002,0,2.25262e-09,0.000000000000000
0,1.86,0.003,0,1.09349e-09,0.000000000000000
0,1.86,0.004,0,2.56434e-09,0.000000000000000
0,1.86,0.005,0,1.05559e-08,0.000000000000000
0,1.86,0.006,0,6.88206e-09,0.000000000000000
0,1.86,0.007,0,3.6899e-09,0.000000000000000
0,1.86,0.008,0,1.37588e-08,0.000000000000000
0,1.86,0.009,0,8.24483e-09,0.000000000000000
0,1.86,0.01,0,6.91167e-09,0.000000000000000
0,1.86,0.011,0,1.07304e-08,0.000000000000000
0,1.86,0.012,0,7.50974e-09,0.000000000000000
0,1.86,0.013,0,8.57191e-09,0.000000000000000
0,1.86,0.014,0,3.78883e-09,0.000000000000000
0,1.86,0.015,0,1.50551e-09,0.000000000000000
0,1.86,0.016,0,6.61566e-09,0.000000000000000
0,1.86,0.017,0,2.00779e-09,0.000000000000000
0,1.86,0.018,0,4.05737e-09,0.000000000000000
0,1.86,0.019,0,9.73263e-09,0.000000000000000
0,1.88,0,0,8.32425e-09,0.000000000000000
0,1.88,0.001,0,1.2306e-08,0.000000000000000
0,1.88,0.002,0,1.12477e-08,0.000000000000000
0,1.88,0.003,0,1.02139e-08,0.000000000000000
0,1.88,0.004,0,2.68854e-10,0.000000000000000
0,1.88,0.005,0,9.85145e-09,0.000000000000000
0,1.88,0.006,0,4.85422e-10,0.000000000000000
0,1.88,0.007,0,3.92057e-09,0.000000000000000
0,1.88,0.008,0,3.83313e-09,0.000000000000000
0,1.88,0.009,0,4.88388e-10,0.000000000000000
0,1.88,0.01,0,6.07533e-09,0.000000000000000
0,1.88,0.011,0,1.40121e-08,0.000000000000000
0,1.88,0.012,0,7.61331e-09,0.000000000000000
0,1.88,0.013,0,1.26701e-08,0.000000000000000
0,1.88,0.014,0,1.10828e-08,0.000000000000000
0,1.88,0.015,0,3.95408e-09,0.000000000000000
0,1.88,0.016,0,1.12338e-08,0.000000000000000
0,1.88,0.017,0,1.16045e-08,0.000000000000000
0,1.88,0.018,0,1.22373e-08,0.000000000000000
0,1.88,0.019,0,4.33811e-09,0.000000000000000
0,1.9,0,0,1.42093e-08,0.000000000000000
0,1.9,0.001,0,1.13203e-08,0.000000000000000
0,1.9,0.002,0,2.2286e-09,0.000000000000000
0,1.9,0.003,0,2.38453e-09,0.000000000000000
0,1.9,0.004,0,6.47973e-09,0.000000000000000
0,1.9,0.005,0,1.30527e-08,0.000000000000000
0,1.9,0.006,0,5.60879e-09,0.000000000000000
0,1.9,0.007,0,9.45627e-09,0.000000000000000
0,1.9,0.008,0,7.79304e-09,0.000000000000000
0,1.9,0.009,0,3.17673e-09,0.000000000000000
0,1.9,0.01,0,1.19215e-08,0.000000000000000
0,1.9,0.011,0,6.06037e-09,0.000000000000000
0,1.9,0.012,0,5.95938e-09,0.000000000000000
0,1.9,0.013,0,6.38927e-09,0.000000000000000
0,1.9,0.014,0,7.37288e-09,0.000000000000000
0,1.9,0.015,0,1.01308e-08,0.000000000000000
0,1.9,0.016,0,6.85329e-09,0.000000000000000
0,1.9,0.017,0,1.37603e-08,0.000000000000000
0,1.9,0.018,0,1.21358e-08,0.000000000000000
0,1.9,0.019,0,1.15525e-08,0.000000000000000
0,1.92,0,0,2.36856e-09,0.000000000000000
0,1.92,0.001,0,1.36882e-08,0.000000000000000
0,1.92,0.002,0,1.29807e-08,0.000000000000000
0,1.92,0.003,0,1.82617e-09,0.000000000000000
0,1.92,0.004,0,1.90918e-09,0.000000000000000
0,1.92,0.005,0,4.7028e-10,0.000000000000000
0,1.92,0.006,0,1.18417e-08,0.000000000000000
0,1.92,0.007,0,7.09577e-09,0.000000000000000
0,1.92,0.008,0,9.9661e-10,0.000000000000000
0,1.92,0.009,0,1.23143e-08,0.000000000000000
0,1.92,0.01,0,1.03363e-08,0.000000000000000
0,1.92,0.011,0,1.39714e-08,0.000000000000000
0,1.92,0.012,0,3.36147e-09,0.000000000000000
0,1.92,0.013,0,1.38063e-08,0.000000000000000
0,1.92,0.014,0,1.28439e-08,0.000000000000000
0,1.92,0.015,0,1.0171e-08,0.000000000000000
0,1.92,0.016,0,1.0478e-08,0.000000000000000
0,1.92,0.017,0,6.5878e-09,0.000000000000000
0,1.92,0.018,0,8.79002e-09,0.000000000000000
0,1.92,0.019,0,1.30171e-08,0.000000000000000
0,1.94,0,0,2.7727e-09,0.000000000000000
0,1.94,0.001,0,2.92786e-09,0.000000000000000
0,1.94,0.002,0,6.18152e-09,0.000000000000000
0,1.94,0.003,0,5.65718e-09,0.000000000000000
0,1.94,0.004,0,8.25326e-09,0.000000000000000
0,1.94,0.005,0,1.05025e-08,0.000000000000000
0,1.94,0.006,0,1.36638e-08,0.000000000000000
0,1.94,0.007,0,7.63676e-09,0.000000000000000
0,1.94,0.008,0,1.36465e-08,0.000000000000000
0,1.94,0.009,0,4.08123e-09,0.000000000000000
0,1.94,0.01,0,1.33021e-09,0.000000000000000
0,1.94,0.011,0,5.12479e-09,0.000000000000000
0,1.94,0.012,0,8.17293e-10,0.000000000000000
0,1.94,0.013,0,1.22234e-08,0.000000000000000
0,1.94,0.014,0,2.60164e-09,0.000000000000000
0,1.94,0.015,0,8.59022e-09,0.000000000000000
0,1.94,0.016,0,9.43898e-09,0.000000000000000
0,1.94,0.017,0,6.37242e-09,0.000000000000000
0,1.94,0.018,0,1.27882e-08,0.000000000000000
0,1.94,0.019,0,8.88851e-09,0.000000000000000
0,1.96,0,0,3.83509e-09,0.000000000000000
0,1.96,0.001,0,9.30529e-09,0.000000000000000
0,1.96,0.002,0,7.64798e-10,0.000000000000000
0,1.96,0.003,0,7.83615e-09,0.000000000000000
0,1.96,0.004,0,1.64244e-10,0.000000000000000
0,1.96,0.005,0,1.02694e-08,0.000000000000000
0,1.96,0.006,0,6.18873e-09,0.000000000000000
0,1.96,0.007,0,1.00971e-08,0.000000000000000
0,1.96,0.008,0,4.1014e-09,0.000000000000000
0,1.96,0.009,0,4.27326e-09,0.000000000000000
0,1.96,0.01,0,1.95723e-09,0.000000000000000
0,1.96,0.011,0,4.12338e-10,0.000000000000000
0,1.96,0.012,0,1.22418e-08,0.000000000000000
0,1.96,0.013,0,7.72953e-09,0.000000000000000
0,1.96,0.014,0,9.77089e-09,0.000000000000000
0,1.96,0.015,0,6.2417e-11,0.000000000000000
0,1.96,0.016,0,1.28041e-08,0.000000000000000
0,1.96,0.017,0,5.05142e-09,0.000000000000000
0,1.96,0.018,0,1.19182e-08,0.000000000000000
0,1.96,0.019,0,2.08649e-09,0.000000000000000
0,1.98,0,0,1.01392e-08,0.000000000000000
0,1.98,0.001,0,2.59374e-09,0.000000000000000
0,1.98,0.002,0,9.15888e-09,0.000000000000000
0,1.98,0.003,0,6.33469e-09,0.000000000000000
0,1.98,0.004,0,8.43205e-09,0.000000000000000
0,1.98,0.005,0,8.34159e-10,0.000000000000000
0,1.98,0.006,0,7.05218e-09,0.000000000000000
0,1.98,0.007,0,6.31244e-09,0.000000000000000
0,1.98,0.008,0,8.82174e-09,0.000000000000000
0,1.98,0.009,0,1.16288e-08,0.000000000000000
0,1.98,0.01,0,4.77489e-09,0.000000000000000
0,1.98,0.011,0,6.73615e-09,0.000000000000000
0,1.98,0.012,0,1.22678e-08,0.000000000000000
0,1.98,0.013,0,7.53165e-09,0.000000000000000
0,1.98,0.014,0,2.98171e-09,0.000000000000000
0,1.98,0.015,0,1.97835e-10,0.000000000000000
0,1.98,0.016,0,1.38874e-08,0.000000000000000
0,1.98,0.017,0,1.95472e-09,0.000000000000000
0,1.98,0.018,0,6.53284e-09,0.000000000000000
0,1.98,0.019,0,1.34427e-09,0.000000000000000
0,2,0,0,3.97493e-09,0.000000000000000
0,2,0.001,0,8.77346e-09,0.000000000000000
0,2,0.002,0,6.45987e-09,0.000000000000000
0,2,0.003,0,2.58497e-09,0.000000000000000
0,2,0.004,0,1.02174e-08,0.000000000000000
0,2,0.005,0,1.38262e-08,0.000000000000000
0,2,0.006,0,1.32256e-08,0.000000000000000
0,2,0.007,0,6.19649e-09,0.000000000000000
0,2,0.008,0,1.0785e-10,0.000000000000000
0,2,0.009,0,3.78655e-09,0.000000000000000
0,2,0.01,0,8.7914e-09,0.000000000000000
0,2,0.011,0,8.99163e-09,0.000000000000000
0,2,0.012,0,4.4903e-09,0.000000000000000
0,2,0.013,0,8.71632e-09,0.000000000000000
0,2,0.014,0,8.81653e-09,0.000000000000000
0,2,0.015,0,7.81093e-09,0.000000000000000
0,2,0.016,0,8.78559e-09,0.000000000000000
0,2,0.017,0,2.45188e-09,0.000000000000000
0,2,0.018,0,1.26495e-08,0.000000000000000
0,2,0.019,0,2.44807e-09,0.000000000000000
0,2.02,0,0,1.15892e-08,0.000000000000000
0,2.02,0.001,0,4.70385e-09,0.000000000000000
0,2.02,0.002,0,1.29091e-08,0.000000000000000
0,2.02,0.003,0,3.25832e-10,0.000000000000000
0,2.02,0.004,0,1.48973e-10,0.000000000000000
0,2.02,0.005,0,2.58515e-09,0.000000000000000
0,2.02,0.006,0,4.71196e-09,0.000000000000000
0,2.02,0.007,0,5.78967e-09,0.000000000000000
0,2.02,0.008,0,3.94912e-09,0.000000000000000
0,2.02,0.009,0,1.96357e-09,0.000000000000000
0,2.02,0.01,0,1.18489e-08,0.000000000000000
0,2.02,0.011,0,1.13518e-08,0.000000000000000
0,2.02,0.012,0,9.76824e-09,0.000000000000000
0,2.02,0.013,0,4.69035e-09,0.000000000000000
0,2.02,0.014,0,1.79753e-09,0.000000000000000
0,2.02,0.015,0,9.77983e-09,0.000000000000000
0,2.02,0.016,0,1.30421e-08,0.000000000000000
0,2.02,0.017,0,1.0012e-08,0.000000000000000
0,2.02,0.018,0,4.59118e-09,0.000000000000000
0,2.02,0.019,0,1.01176e-08,0.000000000000000
0,2.04,0,0,6.22565e-09,0.000000000000000
0,2.04,0.001,0,1.11788e-08,0.000000000000000
0,2.04,0.002,0,1.28575e-09,0.000000000000000
0,2.04,0.003,0,1.41991e-08,0.000000000000000
0,2.04,0.004,0,4.79745e-10,0.000000000000000
0,2.04,0.005,0,9.29004e-09,0.000000000000000
0,2.04,0.006,0,4.36151e-09,0.000000000000000
0,2.04,0.007,0,9.91853e-09,0.000000000000000
0,2.04,0.008,0,7.46487e-09,0.000000000000000
0,2.04,0.009,0,8.00522e-09,0.000000000000000
0,2.04,0.01,0,5.90768e-09,0.000000000000000
0,2.04,0.011,0,1.23341e-08,0.000000000000000
0,2.04,0.012,0,1.29541e-08,0.000000000000000
0,2.04,0.013,0,3.68275e-09,0.000000000000000
0,2.04,0.014,0,6.30895e-09,0.000000000000000
0,2.04,0.015,0,9.54174e-09,0.000000000000000
0,2.04,0.016,0,2.53468e-09,0.000000000000000
0,2.04,0.017,0,7.19227e-09,0.000000000000000
0,2.04,0.018,0,3.89099e-09,0.000000000000000
0,2.04,0.019,0,9.32447e-09,0.000000000000000
0,2.06,0,0,1.36007e-08,0.000000000000000
0,2.06,0.001,0,5.83904e-09,0.000000000000000
0,2.06,0.002,0,1.05764e-08,0.000000000000000
0,2.06,0.003,0,1.27252e-09,0.000000000000000
0,2.06,0.004,0,6.46827e-09,0.000000000000000
0,2.06,0.005,0,5.70315e-09,0.000000000000000
0,2.06,0.006,0,1.49816e-10,0.000000000000000
0,2.06,0.007,0,5.95977e-09,0.000000000000000
0,2.06,0.008,0,1.0109e-08,0.000000000000000
0,2.06,0.009,0,7.54181e-09,0.000000000000000
0,2.06,0.01,0,2.61535e-09,0.000000000000000
0,2.06,0.011,0,1.08048e-08,0.000000000000000
0,2.06,0.012,0,1.23425e-08,0.000000000000000
0,2.06,0.013,0,5.53093e-09,0.000000000000000
0,2.06,0.014,0,1.8315e-10,0.000000000000000
0,2.06,0.015,0,1.09365e-08,0.000000000000000
0,2.06,0.016,0,4.4472e-09,0.000000000000000
0,2.06,0.017,0,4.35427e-09,0.000000000000000
0,2.06,0.018,0,8.75547e-09,0.000000000000000
0,2.06,0.019,0,1.03988e-08,0.000000000000000
0,2.08,0,0,1.15066e-08,0.000000000000000
0,2.08,0.001,0,9.44142e-09,0.000000000000000
0,2.08,0.002,0,2.63159e-10,0.000000000000000
0,2.08,0.003,0,4.6526e-09,0.000000000000000
0,2.08,0.004,0,5.20465e-10,0.000000000000000
